sample_id,source_video_id,window_id,noise_level,mean_bubble_count,max_bubble_count,std_bubble_count,continuity_ratio,mean_vertical_chain,temporal_variance,prev3_mean_bubble_count,prev3_std_bubble_count,prev3_continuity_ratio,prev3_mean_vertical_chain,leak_evolution,label
L_G12_PSI05_V001_W0000,L_G12_PSI05_V001,0,10,0.0,0.0,0.0,0.0,0.0,0.0,0.0,0.0,0.0,0.0,0.0,0
L_G12_PSI05_V001_W0001,L_G12_PSI05_V001,1,10,0.0,0.0,0.0,0.0,0.0,0.0,0.0,0.0,0.0,0.0,0.0,0
L_G12_PSI05_V001_W0002,L_G12_PSI05_V001,2,10,0.0,0.0,0.0,0.0,0.0,0.0,0.0,0.0,0.0,0.0,0.0,0
L_G12_PSI05_V001_W0003,L_G12_PSI05_V001,3,10,0.0,0.0,0.0,0.0,0.0,0.0,0.0,0.0,0.0,0.0,0.0,0
L_G12_PSI05_V001_W0004,L_G12_PSI05_V001,4,10,0.0,1.0,0.080881,0.0,1.0,0.006542,0.0,0.0,0.0,0.0,0.0,0
L_G12_PSI05_V001_W0005,L_G12_PSI05_V001,5,10,1.4,4.0,1.711291,0.6,2.4,2.928517,0.0,0.02696,0.0,1.0,1.4,1
L_G12_PSI05_V001_W0006,L_G12_PSI05_V001,6,10,10.1,15.0,3.057445,1.0,4.7,9.34797,0.466667,0.597391,0.2,1.466667,9.633333,1
L_G12_PSI05_V001_W0007,L_G12_PSI05_V001,7,10,14.1,22.0,5.050492,1.0,4.3,25.507469,3.833333,1.616539,0.533333,2.7,10.266667,1
L_G12_PSI05_V001_W0008,L_G12_PSI05_V001,8,10,13.3,20.0,3.477755,1.0,4.9,12.09478,8.533333,3.273076,0.866667,3.8,4.766667,1
L_G12_PSI05_V001_W0009,L_G12_PSI05_V001,9,10,16.0,18.0,2.821825,1.0,5.7,7.962696,12.5,3.861898,1.0,4.633333,3.5,1
L_G12_PSI05_V001_W0010,L_G12_PSI05_V001,10,10,10.2,27.0,5.416198,1.0,4.9,29.335201,14.466667,3.783357,1.0,4.966667,-4.266667,1
L_G12_PSI05_V001_W0011,L_G12_PSI05_V001,11,10,8.7,15.0,4.538946,1.0,4.1,20.602031,13.166667,3.905259,1.0,5.166667,-4.466667,1
L_G12_PSI05_V001_W0012,L_G12_PSI05_V001,12,10,9.8,24.0,5.462184,0.9,4.8,29.835454,11.633333,4.25899,1.0,4.9,-1.833333,1
L_G12_PSI05_V001_W0013,L_G12_PSI05_V001,13,10,10.5,18.0,6.061241,0.9,5.2,36.738642,9.566667,5.13911,0.966667,4.6,0.933333,1
L_G12_PSI05_V001_W0014,L_G12_PSI05_V001,14,10,7.5,11.0,2.787387,1.0,4.7,7.769526,9.666667,5.354124,0.933333,4.7,-2.166667,1
L_G12_PSI05_V001_W0015,L_G12_PSI05_V001,15,10,11.9,19.0,3.255473,1.0,3.4,10.598104,9.266667,4.770271,0.933333,4.9,2.633333,1
L_G12_PSI05_V001_W0016,L_G12_PSI05_V001,16,10,11.3,14.0,3.129396,1.0,5.2,9.793119,9.966667,4.034701,0.966667,4.433333,1.333333,1
L_G12_PSI05_V001_W0017,L_G12_PSI05_V001,17,10,8.9,18.0,3.464933,1.0,4.4,12.005761,10.233333,3.057419,1.0,4.433333,-1.333333,1
L_G12_PSI05_V001_W0018,L_G12_PSI05_V001,18,10,7.9,14.0,3.652353,1.0,5.1,13.339682,10.7,3.283267,1.0,4.333333,-2.8,1
L_G12_PSI05_V001_W0019,L_G12_PSI05_V001,19,10,10.6,15.0,3.372725,1.0,4.8,11.375274,9.366667,3.415561,1.0,4.9,1.233333,1
L_G12_PSI05_V001_W0020,L_G12_PSI05_V001,20,10,10.4,14.0,3.090278,1.0,4.9,9.549818,9.133333,3.496671,1.0,4.766667,1.266667,1
L_G12_PSI05_V001_W0021,L_G12_PSI05_V001,21,10,12.1,17.0,2.988392,1.0,4.5,8.930487,9.633333,3.371786,1.0,4.933333,2.466667,1
L_G12_PSI05_V001_W0022,L_G12_PSI05_V001,22,10,8.3,16.0,4.441443,1.0,4.6,19.726416,11.033333,3.150465,1.0,4.733333,-2.733333,1
L_G12_PSI05_V001_W0023,L_G12_PSI05_V001,23,10,18.9,25.0,3.874466,1.0,3.9,15.011487,10.266667,3.506705,1.0,4.666667,8.633333,1
L_G12_PSI05_V001_W0024,L_G12_PSI05_V001,24,10,19.2,19.2,4.225012,1.0,5.8,17.850726,13.1,3.768101,1.0,4.333333,6.1,1
L_G12_PSI05_V001_W0025,L_G12_PSI05_V001,25,10,10.0,20.0,3.78116,1.0,4.1,14.297171,15.466667,4.180307,1.0,4.766667,-5.466667,1
L_G12_PSI05_V001_W0026,L_G12_PSI05_V001,26,10,6.9,18.0,4.022054,1.0,3.9,16.176918,16.033333,3.960213,1.0,4.6,-9.133333,1
L_G12_PSI05_V001_W0027,L_G12_PSI05_V001,27,10,7.0,18.0,3.716678,1.0,3.9,13.813695,12.033333,4.009409,1.0,4.6,-5.033333,1
L_G12_PSI05_V001_W0028,L_G12_PSI05_V001,28,10,8.7,14.0,4.464821,1.0,4.3,19.934627,7.966667,3.839964,1.0,3.966667,0.733333,1
L_G12_PSI05_V001_W0029,L_G12_PSI05_V001,29,10,12.3,18.0,2.478466,1.0,5.9,6.142794,7.533333,4.067851,1.0,4.033333,4.766667,1
L_G12_PSI05_V001_W0030,L_G12_PSI05_V001,30,10,17.0,25.0,5.390981,1.0,5.2,29.062676,9.333333,3.553322,1.0,4.7,7.666667,1
L_G12_PSI05_V001_W0031,L_G12_PSI05_V001,31,10,18.9,18.9,2.487999,1.0,4.4,6.190139,12.666667,4.111423,1.0,5.133333,6.233333,1
L_G12_PSI05_V001_W0032,L_G12_PSI05_V001,32,10,7.4,16.0,3.366784,1.0,5.1,11.335235,16.066667,3.452482,1.0,5.166667,-8.666667,1
L_G12_PSI05_V001_W0033,L_G12_PSI05_V001,33,10,3.3,8.0,2.569347,0.8,2.8,6.601544,14.433333,3.748588,1.0,4.9,-11.133333,1
L_G12_PSI05_V001_W0034,L_G12_PSI05_V001,34,10,10.7,22.0,6.513135,0.9,5.4,42.420928,9.866667,2.808043,0.933333,4.1,0.833333,1
L_G12_PSI05_V001_W0035,L_G12_PSI05_V001,35,10,6.9,18.0,4.289461,1.0,3.2,18.399476,7.133333,4.149755,0.9,4.433333,-0.233333,1
L_G12_PSI05_V001_W0036,L_G12_PSI05_V001,36,10,2.9,6.0,2.643651,1.0,2.3,6.988891,6.966667,4.457314,0.9,3.8,-4.066667,1
L_G12_PSI05_V001_W0037,L_G12_PSI05_V001,37,10,0.1,0.1,0.060918,0.0,1.0,0.003711,6.833333,4.482082,0.966667,3.633333,-6.733333,0
L_G12_PSI05_V001_W0038,L_G12_PSI05_V001,38,10,0.9,4.0,1.352341,0.4,1.5,1.828826,3.3,2.331343,0.666667,2.166667,-2.4,0
L_G12_PSI05_V001_W0039,L_G12_PSI05_V001,39,10,0.0,0.0,0.0,0.0,0.0,0.0,1.3,1.352303,0.466667,1.6,-1.3,0
L_G14_PSI05_V001_W0000,L_G14_PSI05_V001,0,10,0.1,1.0,0.236849,0.0,1.0,0.056097,0.0,0.0,0.0,0.0,0.1,0
L_G14_PSI05_V001_W0001,L_G14_PSI05_V001,1,10,1.4,5.0,1.803123,0.5,1.7,3.251253,0.1,0.236849,0.0,1.0,1.3,0
L_G14_PSI05_V001_W0002,L_G14_PSI05_V001,2,10,0.0,0.0,0.0,0.0,0.0,0.0,0.75,1.019986,0.25,1.35,-0.75,0
L_G14_PSI05_V001_W0003,L_G14_PSI05_V001,3,10,1.0,2.0,1.054093,0.5,1.5,1.111112,0.5,0.679991,0.166667,1.233333,0.5,0
L_G14_PSI05_V001_W0004,L_G14_PSI05_V001,4,10,2.0,4.0,1.19436,0.8,2.7,1.426496,0.8,0.952405,0.333333,1.4,1.2,1
L_G14_PSI05_V001_W0005,L_G14_PSI05_V001,5,10,3.7,7.0,1.944592,1.0,2.3,3.781438,1.0,0.749484,0.433333,1.733333,2.7,1
L_G14_PSI05_V001_W0006,L_G14_PSI05_V001,6,10,15.0,23.0,4.381998,1.0,6.7,19.201906,2.233333,1.397682,0.766667,2.166667,12.766667,1
L_G14_PSI05_V001_W0007,L_G14_PSI05_V001,7,10,16.8,16.8,2.54749,1.0,4.3,6.489705,6.9,2.506984,0.933333,3.9,9.9,1
L_G14_PSI05_V001_W0008,L_G14_PSI05_V001,8,10,16.4,19.0,2.949672,1.0,5.3,8.700565,11.833333,2.958027,1.0,4.433333,4.566667,1
L_G14_PSI05_V001_W0009,L_G14_PSI05_V001,9,10,11.1,17.0,3.022577,1.0,5.4,9.135972,16.066667,3.293053,1.0,5.433333,-4.966667,1
L_G14_PSI05_V001_W0010,L_G14_PSI05_V001,10,10,15.2,21.0,3.18813,1.0,4.8,10.164173,14.766667,2.839913,1.0,5.0,0.433333,1
L_G14_PSI05_V001_W0011,L_G14_PSI05_V001,11,10,14.3,19.0,3.424954,1.0,5.4,11.73031,14.233333,3.05346,1.0,5.166667,0.066667,1
L_G14_PSI05_V001_W0012,L_G14_PSI05_V001,12,10,16.0,31.0,6.721542,1.0,5.8,45.179127,13.533333,3.211887,1.0,5.2,2.466667,1
L_G14_PSI05_V001_W0013,L_G14_PSI05_V001,13,10,15.1,21.0,3.196404,1.0,5.9,10.216999,15.166667,4.444876,1.0,5.333333,-0.066667,1
L_G14_PSI05_V001_W0014,L_G14_PSI05_V001,14,10,12.1,15.0,2.501963,1.0,4.8,6.259819,15.133333,4.447634,1.0,5.7,-3.033333,1
L_G14_PSI05_V001_W0015,L_G14_PSI05_V001,15,10,22.9,27.0,3.838331,1.0,3.8,14.732785,14.4,4.13997,1.0,5.5,8.5,1
L_G14_PSI05_V001_W0016,L_G14_PSI05_V001,16,10,16.6,22.0,3.69183,1.0,4.6,13.629609,16.7,3.178899,1.0,4.833333,-0.1,1
L_G14_PSI05_V001_W0017,L_G14_PSI05_V001,17,10,20.7,28.0,3.272472,1.0,4.8,10.709073,17.2,3.344041,1.0,4.4,3.5,1
L_G14_PSI05_V001_W0018,L_G14_PSI05_V001,18,10,15.5,22.0,3.796471,1.0,5.1,14.413192,20.066667,3.600878,1.0,4.4,-4.566667,1
L_G14_PSI05_V001_W0019,L_G14_PSI05_V001,19,10,12.8,17.0,2.982482,1.0,5.3,8.895199,17.6,3.586924,1.0,4.833333,-4.8,1
L_G14_PSI05_V001_W0020,L_G14_PSI05_V001,20,10,13.9,19.0,3.468202,1.0,5.1,12.028425,16.333333,3.350475,1.0,5.066667,-2.433333,1
L_G14_PSI05_V001_W0021,L_G14_PSI05_V001,21,10,14.9,24.0,4.405326,1.0,7.5,19.406897,14.066667,3.415719,1.0,5.166667,0.833333,1
L_G14_PSI05_V001_W0022,L_G14_PSI05_V001,22,10,16.8,25.0,4.916123,1.0,6.9,24.168265,13.866667,3.61867,1.0,5.966667,2.933333,1
L_G14_PSI05_V001_W0023,L_G14_PSI05_V001,23,10,21.6,31.0,5.615121,1.0,5.8,31.529584,15.2,4.263217,1.0,6.5,6.4,1
L_G14_PSI05_V001_W0024,L_G14_PSI05_V001,24,10,16.8,29.0,6.709757,1.0,6.1,45.020839,17.766667,4.978857,1.0,6.733333,-0.966667,1
L_G14_PSI05_V001_W0025,L_G14_PSI05_V001,25,10,16.5,23.0,3.730537,1.0,5.9,13.916906,18.4,5.747001,1.0,6.266667,-1.9,1
L_G14_PSI05_V001_W0026,L_G14_PSI05_V001,26,10,16.8,20.0,2.890603,1.0,4.3,8.355586,18.3,5.351805,1.0,5.933333,-1.5,1
L_G14_PSI05_V001_W0027,L_G14_PSI05_V001,27,10,8.9,18.0,3.609183,1.0,3.5,13.026202,16.7,4.443632,1.0,5.433333,-7.8,1
L_G14_PSI05_V001_W0028,L_G14_PSI05_V001,28,10,4.6,8.0,2.975426,0.8,1.6,8.85316,14.066667,3.410107,1.0,4.566667,-9.466667,1
L_G14_PSI05_V001_W0029,L_G14_PSI05_V001,29,10,1.5,6.0,1.946249,0.5,1.8,3.787885,10.1,3.158404,0.933333,3.133333,-8.6,0
L_G16_PSI14_V001_W0000,L_G16_PSI14_V001,0,10,0.0,0.0,0.0,0.0,0.0,0.0,0.0,0.0,0.0,0.0,0.0,0
L_G16_PSI14_V001_W0002,L_G16_PSI14_V001,2,10,0.3,3.0,0.948683,0.1,1.1,0.899999,0.0,0.0,0.0,0.0,0.3,0
L_G16_PSI14_V001_W0003,L_G16_PSI14_V001,3,10,10.6,18.0,6.022181,0.9,4.0,36.266664,0.15,0.474342,0.05,1.05,10.45,1
L_G16_PSI14_V001_W0004,L_G16_PSI14_V001,4,10,18.8,27.0,4.104198,1.0,5.3,16.844441,3.633333,2.323622,0.333333,2.033333,15.166667,1
L_G16_PSI14_V001_W0005,L_G16_PSI14_V001,5,10,21.9,29.0,4.228212,1.0,5.1,17.877777,9.9,3.691688,0.666667,3.466667,12.0,1
L_G16_PSI14_V001_W0006,L_G16_PSI14_V001,6,10,26.5,35.0,3.979112,1.0,4.8,15.833332,17.1,4.784864,0.966667,4.8,9.4,1
L_G16_PSI14_V001_W0007,L_G16_PSI14_V001,7,10,22.1,30.0,6.297266,1.0,5.0,39.655559,22.4,4.103841,1.0,5.066667,-0.3,1
L_G16_PSI14_V001_W0008,L_G16_PSI14_V001,8,10,15.9,22.0,3.071373,1.0,4.6,9.433332,23.5,4.834863,1.0,4.966667,-7.6,1
L_G16_PSI14_V001_W0009,L_G16_PSI14_V001,9,10,17.4,24.0,4.477102,1.0,5.3,20.044442,21.5,4.44925,1.0,4.8,-4.1,1
L_G16_PSI14_V001_W0010,L_G16_PSI14_V001,10,10,20.3,33.0,6.377913,1.0,5.6,40.677774,18.466667,4.615247,1.0,4.966667,1.833333,1
L_G16_PSI14_V001_W0011,L_G16_PSI14_V001,11,10,26.2,33.0,4.341019,1.0,5.7,18.844446,17.866667,4.64213,1.0,5.166667,8.333333,1
L_G16_PSI14_V001_W0012,L_G16_PSI14_V001,12,10,29.6,35.0,4.903513,1.0,5.2,24.04444,21.3,5.065345,1.0,5.533333,8.3,1
L_G16_PSI14_V001_W0013,L_G16_PSI14_V001,13,10,25.7,39.0,6.254776,1.0,5.2,39.122223,25.366667,5.207482,1.0,5.5,0.333333,1
L_G16_PSI14_V001_W0014,L_G16_PSI14_V001,14,10,26.1,31.0,4.581363,1.0,4.5,20.988887,27.166667,5.166436,1.0,5.366667,-1.066667,1
L_G16_PSI14_V001_W0015,L_G16_PSI14_V001,15,10,18.8,26.0,4.289522,1.0,4.6,18.399999,27.133333,5.246551,1.0,4.966667,-8.333333,1
L_G16_PSI14_V001_W0016,L_G16_PSI14_V001,16,10,18.4,28.0,4.477102,1.0,4.4,20.044442,23.533333,5.041887,1.0,4.766667,-5.133333,1
L_G16_PSI14_V001_W0017,L_G16_PSI14_V001,17,10,20.5,29.0,4.813176,1.0,5.3,23.166663,21.1,4.449329,1.0,4.5,-0.6,1
L_G16_PSI14_V001_W0018,L_G16_PSI14_V001,18,10,21.1,30.0,4.605552,1.0,4.4,21.211109,19.233333,4.5266,1.0,4.766667,1.866667,1
L_G16_PSI14_V001_W0019,L_G16_PSI14_V001,19,10,21.0,29.0,4.109609,1.0,4.9,16.888886,20.0,4.631944,1.0,4.7,1.0,1
L_G16_PSI14_V001_W0020,L_G16_PSI14_V001,20,10,14.8,21.0,4.894441,1.0,4.3,23.955553,20.866667,4.509446,1.0,4.866667,-6.066667,1
L_G16_PSI14_V001_W0021,L_G16_PSI14_V001,21,10,17.7,25.0,4.001389,1.0,5.1,16.011114,18.966667,4.536534,1.0,4.533333,-1.266667,1
L_G16_PSI14_V001_W0022,L_G16_PSI14_V001,22,10,18.3,23.0,3.529243,1.0,4.7,12.455556,17.833333,4.335146,1.0,4.766667,0.466667,1
L_G16_PSI14_V001_W0023,L_G16_PSI14_V001,23,10,27.3,33.0,4.738729,1.0,6.7,22.455553,16.933333,4.141691,1.0,4.7,10.366667,1
L_G16_PSI14_V001_W0024,L_G16_PSI14_V001,24,10,24.7,38.0,5.831905,1.0,5.0,34.011116,21.1,4.089787,1.0,5.5,3.6,1
L_G16_PSI14_V001_W0025,L_G16_PSI14_V001,25,10,14.1,22.0,5.173651,1.0,3.3,26.766665,23.433333,4.699959,1.0,5.466667,-9.333333,1
L_G16_PSI14_V001_W0026,L_G16_PSI14_V001,26,10,5.9,10.0,2.643651,1.0,2.2,6.988891,22.033333,5.248095,1.0,5.0,-16.133333,1
L_G16_PSI14_V001_W0027,L_G16_PSI14_V001,27,10,1.1,4.0,1.523884,0.4,1.6,2.322222,14.9,4.549735,1.0,3.5,-13.8,0
L_G16_PSI14_V001_W0028,L_G16_PSI14_V001,28,10,0.2,2.0,0.632456,0.1,1.0,0.400001,7.033333,3.113729,0.8,2.366667,-6.833333,0
L_G16_PSI14_V001_W0030,L_G16_PSI14_V001,30,10,0.0,0.0,0.0,0.0,0.0,0.0,2.4,1.599997,0.5,1.6,-2.4,0
L_G16_PSI14_V001_W0032,L_G16_PSI14_V001,32,10,0.0,0.0,0.0,0.0,0.0,0.0,0.433333,0.71878,0.166667,1.2,-0.433333,0
L_G16_PSI14_V001_W0037,L_G16_PSI14_V001,37,10,0.0,0.0,0.0,0.0,0.0,0.0,0.066667,0.210819,0.033333,1.0,-0.066667,0
L_G16_PSI22_V001_W0000,L_G16_PSI22_V001,0,10,0.1,1.0,0.316227,0.0,1.0,0.1,0.0,0.0,0.0,0.0,0.1,0
L_G16_PSI22_V001_W0001,L_G16_PSI22_V001,1,10,0.1,1.0,0.316227,0.0,1.1,0.1,0.1,0.316227,0.0,1.0,0.0,0
L_G16_PSI22_V001_W0002,L_G16_PSI22_V001,2,10,0.0,0.0,0.0,0.0,0.0,0.0,0.1,0.316227,0.0,1.05,-0.1,0
L_G16_PSI22_V001_W0003,L_G16_PSI22_V001,3,10,0.0,5.0,1.477213,0.0,1.5,2.182158,0.066667,0.210818,0.0,1.033333,-0.066667,1
L_G16_PSI22_V001_W0004,L_G16_PSI22_V001,4,10,11.0,17.0,3.062164,1.0,5.0,9.376848,0.033333,0.597813,0.0,1.2,10.966667,1
L_G16_PSI22_V001_W0005,L_G16_PSI22_V001,5,10,10.8,14.0,3.376215,1.0,4.7,11.398828,3.666667,1.513126,0.333333,2.5,7.133333,1
L_G16_PSI22_V001_W0006,L_G16_PSI22_V001,6,10,24.2,35.0,4.183746,1.0,3.9,17.503731,7.266667,2.638531,0.666667,3.733333,16.933333,1
L_G16_PSI22_V001_W0007,L_G16_PSI22_V001,7,10,15.0,23.0,4.864935,1.0,3.2,23.667593,15.333333,3.540708,1.0,4.533333,-0.333333,1
L_G16_PSI22_V001_W0008,L_G16_PSI22_V001,8,10,28.4,31.0,3.352628,1.0,5.6,11.240115,16.666667,4.141632,1.0,3.933333,11.733333,1
L_G16_PSI22_V001_W0009,L_G16_PSI22_V001,9,10,32.0,35.0,3.934971,1.0,5.4,15.483997,22.533333,4.13377,1.0,4.233333,9.466667,1
L_G16_PSI22_V001_W0010,L_G16_PSI22_V001,10,10,24.0,32.0,5.461874,1.0,5.4,29.832068,25.133333,4.050845,1.0,4.733333,-1.133333,1
L_G16_PSI22_V001_W0011,L_G16_PSI22_V001,11,10,26.0,32.0,4.475363,1.0,6.8,20.028874,28.133333,4.249824,1.0,5.466667,-2.133333,1
L_G16_PSI22_V001_W0012,L_G16_PSI22_V001,12,10,31.8,42.0,4.819278,1.0,5.2,23.22544,27.333333,4.624069,1.0,5.866667,4.466667,1
L_G16_PSI22_V001_W0013,L_G16_PSI22_V001,13,10,33.1,44.0,5.472125,1.0,6.1,29.944152,27.266667,4.918838,1.0,5.8,5.833333,1
L_G16_PSI22_V001_W0014,L_G16_PSI22_V001,14,10,32.1,43.0,6.148921,1.0,5.3,37.809229,30.3,4.922255,1.0,6.033333,1.8,1
L_G16_PSI22_V001_W0015,L_G16_PSI22_V001,15,10,29.4,34.0,4.123651,1.0,4.8,17.004498,32.333333,5.480108,1.0,5.533333,-2.933333,1
L_G16_PSI22_V001_W0016,L_G16_PSI22_V001,16,10,25.5,41.0,7.120819,1.0,5.2,50.706063,31.533333,5.248232,1.0,5.4,-6.033333,1
L_G16_PSI22_V001_W0017,L_G16_PSI22_V001,17,10,19.3,25.0,3.313057,1.0,4.0,10.976347,29.0,5.797797,1.0,5.1,-9.7,1
L_G16_PSI22_V001_W0018,L_G16_PSI22_V001,18,10,28.0,34.0,3.536696,1.0,11.0,12.508219,24.733333,4.852509,1.0,4.666667,3.266667,1
L_G16_PSI22_V001_W0019,L_G16_PSI22_V001,19,10,31.2,37.0,3.122063,1.0,8.4,9.747277,24.266667,4.656857,1.0,6.733333,6.933333,1
L_G16_PSI22_V001_W0020,L_G16_PSI22_V001,20,10,15.7,22.0,4.350155,1.0,5.6,18.923849,26.166667,3.323939,1.0,7.8,-10.466667,1
L_G16_PSI22_V001_W0021,L_G16_PSI22_V001,21,10,3.9,8.0,2.884429,0.8,2.7,8.319931,24.966667,3.669638,1.0,8.333333,-21.066667,1
L_G16_PSI22_V001_W0022,L_G16_PSI22_V001,22,10,0.0,0.0,0.0,0.0,0.0,0.0,16.933333,3.452216,0.933333,5.566667,-16.933333,0
L_G16_PSI22_V001_W0023,L_G16_PSI22_V001,23,10,0.0,0.0,0.0,0.0,0.0,0.0,6.533333,2.411528,0.6,3.1,-6.533333,0
L_G16_PSI22_V001_W0024,L_G16_PSI22_V001,24,10,0.0,0.0,0.0,0.0,0.0,0.0,1.3,0.961476,0.266667,1.566667,-1.3,0
L_G16_PSI22_V001_W0025,L_G16_PSI22_V001,25,10,0.2,2.0,0.632455,0.0,1.0,0.399999,0.0,0.0,0.0,0.0,0.2,0
L_G18_PSI26_V001_W0002,L_G18_PSI26_V001,2,10,0.0,0.0,0.0,0.0,0.0,0.0,0.0,0.0,0.0,0.0,0.0,0
L_G18_PSI26_V001_W0003,L_G18_PSI26_V001,3,10,2.2,6.0,2.223952,0.6,2.6,4.945962,0.0,0.0,0.0,0.0,2.2,0
L_G18_PSI26_V001_W0004,L_G18_PSI26_V001,4,10,4.5,6.0,2.033378,0.8,1.4,4.134626,1.1,1.111976,0.3,1.8,3.4,1
L_G18_PSI26_V001_W0005,L_G18_PSI26_V001,5,10,31.8,44.0,7.932919,1.0,3.2,62.931204,2.233333,1.41911,0.466667,1.666667,29.566667,1
L_G18_PSI26_V001_W0006,L_G18_PSI26_V001,6,10,37.6,50.0,4.240262,1.0,4.4,17.979822,12.833333,4.063416,0.8,2.4,24.766667,1
L_G18_PSI26_V001_W0007,L_G18_PSI26_V001,7,10,35.2,40.0,4.001088,1.0,4.9,16.008705,24.633333,4.73552,0.933333,3.0,10.566667,1
L_G18_PSI26_V001_W0008,L_G18_PSI26_V001,8,10,25.0,29.0,2.857148,1.0,5.3,8.163295,34.866667,5.391423,1.0,4.166667,-9.866667,1
L_G18_PSI26_V001_W0009,L_G18_PSI26_V001,9,10,27.5,37.0,4.141418,1.0,4.7,17.151343,32.6,3.699499,1.0,4.866667,-5.1,1
L_G18_PSI26_V001_W0010,L_G18_PSI26_V001,10,10,22.5,34.0,5.749362,1.0,4.7,33.055163,29.233333,3.666551,1.0,4.966667,-6.733333,1
L_G18_PSI26_V001_W0011,L_G18_PSI26_V001,11,10,27.5,37.0,4.738262,1.0,6.0,22.451127,25.0,4.249309,1.0,4.9,2.5,1
L_G18_PSI26_V001_W0012,L_G18_PSI26_V001,12,10,24.3,29.0,5.398857,1.0,4.4,29.147657,25.833333,4.876348,1.0,5.133333,-1.533333,1
L_G18_PSI26_V001_W0013,L_G18_PSI26_V001,13,10,28.5,35.0,3.758369,1.0,4.3,14.125338,24.766667,5.295494,1.0,5.033333,3.733333,1
L_G18_PSI26_V001_W0014,L_G18_PSI26_V001,14,10,26.0,40.0,6.193913,1.0,5.2,38.364558,26.766667,4.631829,1.0,4.9,-0.766667,1
L_G18_PSI26_V001_W0015,L_G18_PSI26_V001,15,10,24.3,35.0,7.063065,1.0,3.9,49.886887,26.266667,5.117046,1.0,4.633333,-1.966667,1
L_G18_PSI26_V001_W0016,L_G18_PSI26_V001,16,10,26.3,30.0,4.260475,1.0,4.3,18.151647,26.266667,5.671782,1.0,4.466667,0.033333,1
L_G18_PSI26_V001_W0017,L_G18_PSI26_V001,17,10,16.0,27.0,3.591036,1.0,6.3,12.89554,25.533333,5.839151,1.0,4.466667,-9.533333,1
L_G18_PSI26_V001_W0018,L_G18_PSI26_V001,18,10,31.3,40.0,4.544821,1.0,8.1,20.655398,22.2,4.971526,1.0,4.833333,9.1,1
L_G18_PSI26_V001_W0019,L_G18_PSI26_V001,19,10,21.4,29.0,6.320176,1.0,4.9,39.944625,24.533333,4.132111,1.0,6.233333,-3.133333,1
L_G18_PSI26_V001_W0020,L_G18_PSI26_V001,20,10,15.1,27.0,4.40157,1.0,5.4,19.373818,22.9,4.818678,1.0,6.433333,-7.8,1
L_G18_PSI26_V001_W0021,L_G18_PSI26_V001,21,10,4.9,7.0,2.34178,1.0,2.3,5.483934,22.6,5.088855,1.0,6.133333,-17.7,1
L_G18_PSI26_V001_W0022,L_G18_PSI26_V001,22,10,2.2,4.0,1.642401,0.8,1.5,2.697481,13.8,4.354508,1.0,4.2,-11.6,0
L_G18_PSI26_V001_W0023,L_G18_PSI26_V001,23,10,0.0,0.0,0.0,0.0,0.0,0.0,7.4,2.79525,0.933333,3.066667,-7.4,0
L_G18_PSI26_V001_W0024,L_G18_PSI26_V001,24,10,0.0,0.0,0.0,0.0,0.0,0.0,2.366667,1.32806,0.6,1.6,-2.366667,0
L_G18_PSI26_V001_W0025,L_G18_PSI26_V001,25,10,0.0,0.0,0.0,0.0,0.0,0.0,0.733333,0.547467,0.266667,1.166667,-0.733333,0
L_G20_PSI18_V001_W0003,L_G20_PSI18_V001,3,10,0.3,1.0,0.599121,0.1,1.2,0.358946,0.0,0.0,0.0,0.0,0.3,0
L_G20_PSI18_V001_W0004,L_G20_PSI18_V001,4,10,13.0,20.0,6.792836,0.9,4.0,46.142621,0.3,0.599121,0.1,1.2,12.7,1
L_G20_PSI18_V001_W0005,L_G20_PSI18_V001,5,10,17.8,26.0,4.720791,1.0,5.6,22.285868,6.65,3.695978,0.5,2.6,11.15,1
L_G20_PSI18_V001_W0006,L_G20_PSI18_V001,6,10,31.1,46.0,7.852009,1.0,6.2,61.654045,10.366667,4.037582,0.666667,3.6,20.733333,1
L_G20_PSI18_V001_W0007,L_G20_PSI18_V001,7,10,34.9,46.0,4.5015,1.0,6.2,20.263502,20.633333,6.455212,0.966667,5.266667,14.266667,1
L_G20_PSI18_V001_W0008,L_G20_PSI18_V001,8,10,37.8,41.0,2.699794,1.0,6.3,7.288888,27.933333,5.691434,1.0,6.0,9.866667,1
L_G20_PSI18_V001_W0009,L_G20_PSI18_V001,9,10,37.6,37.6,2.877851,1.0,5.5,8.282026,34.6,5.017768,1.0,6.233333,3.0,1
L_G20_PSI18_V001_W0010,L_G20_PSI18_V001,10,10,38.3,47.0,3.833166,1.0,6.1,14.693162,36.766667,3.359715,1.0,6.0,1.533333,1
L_G20_PSI18_V001_W0011,L_G20_PSI18_V001,11,10,36.0,42.0,3.655382,1.0,5.0,13.361818,37.9,3.136937,1.0,5.966667,-1.9,1
L_G20_PSI18_V001_W0012,L_G20_PSI18_V001,12,10,39.8,46.0,5.208676,1.0,5.3,27.130306,37.3,3.455466,1.0,5.533333,2.5,1
L_G20_PSI18_V001_W0013,L_G20_PSI18_V001,13,10,37.2,40.0,3.017774,1.0,5.1,9.10696,38.033333,4.232408,1.0,5.466667,-0.833333,1
L_G20_PSI18_V001_W0014,L_G20_PSI18_V001,14,10,35.6,43.0,5.143216,1.0,5.6,26.452671,37.666667,3.960611,1.0,5.133333,-2.066667,1
L_G20_PSI18_V001_W0015,L_G20_PSI18_V001,15,10,39.0,49.0,4.639217,1.0,4.6,21.522334,37.533333,4.456556,1.0,5.333333,1.466667,1
L_G20_PSI18_V001_W0016,L_G20_PSI18_V001,16,10,32.9,43.0,4.898159,1.0,6.3,23.991962,37.266667,4.266736,1.0,5.1,-4.366667,1
L_G20_PSI18_V001_W0017,L_G20_PSI18_V001,17,10,37.3,48.0,4.196945,1.0,5.9,17.614347,35.833333,4.893531,1.0,5.5,1.466667,1
L_G20_PSI18_V001_W0018,L_G20_PSI18_V001,18,10,36.7,40.0,3.119214,1.0,5.3,9.729496,36.4,4.578107,1.0,5.6,0.3,1
L_G20_PSI18_V001_W0019,L_G20_PSI18_V001,19,10,34.7,41.0,5.846864,1.0,6.0,34.185819,35.633333,4.071439,1.0,5.833333,-0.933333,1
L_G20_PSI18_V001_W0020,L_G20_PSI18_V001,20,10,35.2,47.0,5.022409,1.0,6.3,25.224592,36.233333,4.387674,1.0,5.733333,-1.033333,1
L_G20_PSI18_V001_W0021,L_G20_PSI18_V001,21,10,42.2,52.0,6.192222,1.0,5.3,38.343613,35.533333,4.662829,1.0,5.866667,6.666667,1
L_G20_PSI18_V001_W0022,L_G20_PSI18_V001,22,10,42.7,45.0,2.984313,1.0,6.0,8.906124,37.366667,5.687165,1.0,5.866667,5.333333,1
L_G20_PSI18_V001_W0023,L_G20_PSI18_V001,23,10,50.2,52.0,5.287677,1.0,5.4,27.959528,40.033333,4.732981,1.0,5.866667,10.166667,1
L_G20_PSI18_V001_W0024,L_G20_PSI18_V001,24,10,47.6,47.6,4.780878,1.0,5.3,22.856794,45.033333,4.821404,1.0,5.566667,2.566667,1
L_G20_PSI18_V001_W0025,L_G20_PSI18_V001,25,10,31.2,40.0,5.233332,1.0,5.5,27.387764,46.833333,4.350956,1.0,5.566667,-15.633333,1
L_G20_PSI18_V001_W0026,L_G20_PSI18_V001,26,10,27.3,34.0,3.804265,1.0,5.8,14.472432,43.0,5.100629,1.0,5.4,-15.7,1
L_G20_PSI18_V001_W0027,L_G20_PSI18_V001,27,10,14.0,19.0,4.186524,1.0,5.4,17.526983,35.366667,4.606158,1.0,5.533333,-21.366667,1
L_G20_PSI18_V001_W0028,L_G20_PSI18_V001,28,10,3.9,7.0,2.395092,1.0,2.8,5.736466,24.166667,4.40804,1.0,5.566667,-20.266667,1
L_G20_PSI18_V001_W0029,L_G20_PSI18_V001,29,10,0.0,0.0,0.0,0.0,0.0,0.0,15.066667,3.46196,1.0,4.666667,-15.066667,0
L_G20_PSI18_V001_W0031,L_G20_PSI18_V001,31,10,0.0,0.0,0.0,0.0,0.0,0.0,5.966667,2.193872,0.666667,3.066667,-5.966667,0
L_G20_PSI18_V001_W0032,L_G20_PSI18_V001,32,10,0.0,0.0,0.0,0.0,0.0,0.0,1.3,0.798364,0.333333,1.6,-1.3,0
L_G22_PSI30_V002_W0000,L_G22_PSI30_V002,0,10,0.2,1.0,0.248536,0.0,1.2,0.06177,0.0,0.0,0.0,0.0,0.2,0
L_G22_PSI30_V002_W0001,L_G22_PSI30_V002,1,10,0.9,4.0,1.352341,0.4,1.5,1.828826,0.2,0.248536,0.0,1.2,0.7,0
L_G22_PSI30_V002_W0002,L_G22_PSI30_V002,2,10,0.4,0.4,0.248536,0.0,1.4,0.06177,0.55,0.800438,0.2,1.35,-0.15,0
L_G22_PSI30_V002_W0003,L_G22_PSI30_V002,3,10,0.3,0.3,0.0,0.2,1.1,0.0,0.5,0.616471,0.133333,1.366667,-0.2,0
L_G22_PSI30_V002_W0004,L_G22_PSI30_V002,4,10,0.0,7.0,1.939613,0.3,1.4,3.762099,0.533333,0.533626,0.2,1.333333,-0.533333,1
L_G22_PSI30_V002_W0005,L_G22_PSI30_V002,5,10,21.6,31.0,4.170093,1.0,5.7,17.389676,0.233333,0.729383,0.166667,1.3,21.366667,1
L_G22_PSI30_V002_W0006,L_G22_PSI30_V002,6,10,46.2,52.0,4.64899,1.0,4.3,21.613108,7.3,2.036569,0.5,2.733333,38.9,1
L_G22_PSI30_V002_W0007,L_G22_PSI30_V002,7,10,56.7,59.0,3.879218,1.0,6.0,15.048332,22.6,3.586232,0.766667,3.8,34.1,1
L_G22_PSI30_V002_W0008,L_G22_PSI30_V002,8,10,45.3,52.0,6.824164,1.0,4.5,46.569214,41.5,4.232767,1.0,5.333333,3.8,1
L_G22_PSI30_V002_W0009,L_G22_PSI30_V002,9,10,58.6,69.0,4.291419,1.0,6.7,18.416277,49.4,5.117457,1.0,4.933333,9.2,1
L_G22_PSI30_V002_W0010,L_G22_PSI30_V002,10,10,49.7,57.0,7.210415,1.0,5.2,51.990084,53.533333,4.998267,1.0,5.733333,-3.833333,1
L_G22_PSI30_V002_W0011,L_G22_PSI30_V002,11,10,50.0,56.0,6.669562,1.0,4.4,44.483057,51.2,6.108666,1.0,5.466667,-1.2,1
L_G22_PSI30_V002_W0012,L_G22_PSI30_V002,12,10,54.9,60.0,7.095839,1.0,4.2,50.350931,52.766667,6.057132,1.0,5.433333,2.133333,1
L_G22_PSI30_V002_W0013,L_G22_PSI30_V002,13,10,49.9,55.0,6.204085,1.0,4.8,38.490671,51.533333,6.991938,1.0,4.6,-1.633333,1
L_G22_PSI30_V002_W0014,L_G22_PSI30_V002,14,10,60.2,71.0,4.535448,1.0,6.6,20.570289,51.6,6.656495,1.0,4.466667,8.6,1
L_G22_PSI30_V002_W0015,L_G22_PSI30_V002,15,10,50.2,57.0,5.968353,1.0,5.4,35.621238,55.0,5.945124,1.0,5.2,-4.8,1
L_G22_PSI30_V002_W0016,L_G22_PSI30_V002,16,10,58.6,71.0,5.687205,1.0,6.4,32.344301,53.433333,5.569295,1.0,5.6,5.166667,1
L_G22_PSI30_V002_W0017,L_G22_PSI30_V002,17,10,52.1,59.0,7.46163,1.0,5.0,55.675922,56.333333,5.397002,1.0,6.133333,-4.233333,1
L_G22_PSI30_V002_W0018,L_G22_PSI30_V002,18,10,60.0,72.0,5.846051,1.0,4.1,34.176312,53.633333,6.372396,1.0,5.6,6.366667,1
L_G22_PSI30_V002_W0019,L_G22_PSI30_V002,19,10,62.8,73.0,4.605564,1.0,6.1,21.21122,56.9,6.331628,1.0,5.166667,5.9,1
L_G22_PSI30_V002_W0020,L_G22_PSI30_V002,20,10,58.5,65.0,7.301373,1.0,4.8,53.310048,58.3,5.971081,1.0,5.066667,0.2,1
L_G22_PSI30_V002_W0021,L_G22_PSI30_V002,21,10,54.0,59.0,6.548757,1.0,5.7,42.886218,60.433333,5.917662,1.0,5.0,-6.433333,1
L_G22_PSI30_V002_W0022,L_G22_PSI30_V002,22,10,50.4,62.0,6.566155,1.0,4.5,43.114391,58.433333,6.151898,1.0,5.533333,-8.033333,1
L_G22_PSI30_V002_W0023,L_G22_PSI30_V002,23,10,63.3,72.0,3.668962,1.0,6.8,13.461282,54.3,6.805428,1.0,5.0,9.0,1
L_G22_PSI30_V002_W0024,L_G22_PSI30_V002,24,10,54.5,57.0,6.917036,1.0,4.7,47.845387,55.9,5.594624,1.0,5.666667,-1.4,1
L_G22_PSI30_V002_W0025,L_G22_PSI30_V002,25,10,59.9,72.0,4.641446,1.0,6.4,21.543021,56.066667,5.717384,1.0,5.333333,3.833333,1
L_G22_PSI30_V002_W0026,L_G22_PSI30_V002,26,10,64.2,79.0,4.302094,1.0,6.4,18.508013,59.233333,5.075814,1.0,5.966667,4.966667,1
L_G22_PSI30_V002_W0027,L_G22_PSI30_V002,27,10,57.1,68.0,7.627385,1.0,7.0,58.177002,59.533333,5.286858,1.0,5.833333,-2.433333,1
L_G24_PSI10_V001_W0004,L_G24_PSI10_V001,4,10,3.1,5.0,2.136774,0.8,2.2,4.565803,0.0,0.0,0.0,0.0,3.1,0
L_G24_PSI10_V001_W0005,L_G24_PSI10_V001,5,10,11.1,19.0,3.479499,1.0,4.0,12.106913,3.1,2.136774,0.8,2.2,8.0,1
L_G24_PSI10_V001_W0006,L_G24_PSI10_V001,6,10,15.3,24.0,5.212491,1.0,3.7,27.170062,7.1,2.808136,0.9,3.1,8.2,1
L_G24_PSI10_V001_W0007,L_G24_PSI10_V001,7,10,42.5,57.0,7.855772,1.0,5.8,61.713154,9.833333,3.609588,0.933333,3.3,32.666667,1
L_G24_PSI10_V001_W0008,L_G24_PSI10_V001,8,10,50.7,61.0,5.474824,1.0,5.1,29.973698,22.966667,5.51592,1.0,4.5,27.733333,1
L_G24_PSI10_V001_W0009,L_G24_PSI10_V001,9,10,44.2,52.0,3.847236,1.0,5.4,14.801225,36.166667,6.181029,1.0,4.866667,8.033333,1
L_G24_PSI10_V001_W0010,L_G24_PSI10_V001,10,10,40.8,50.0,4.568296,1.0,4.6,20.869328,45.8,5.725944,1.0,5.433333,-5.0,1
L_G24_PSI10_V001_W0011,L_G24_PSI10_V001,11,10,37.7,45.0,5.086962,1.0,6.5,25.877182,45.233333,4.630119,1.0,5.033333,-7.533333,1
L_G24_PSI10_V001_W0012,L_G24_PSI10_V001,12,10,37.0,41.0,2.733833,1.0,6.3,7.473843,40.9,4.500831,1.0,5.5,-3.9,1
L_G24_PSI10_V001_W0013,L_G24_PSI10_V001,13,10,33.7,43.0,5.243532,1.0,5.1,27.494628,38.5,4.129697,1.0,5.8,-4.8,1
L_G24_PSI10_V001_W0014,L_G24_PSI10_V001,14,10,38.0,46.0,4.109086,1.0,5.9,16.884588,36.133333,4.354776,1.0,5.966667,1.866667,1
L_G24_PSI10_V001_W0015,L_G24_PSI10_V001,15,10,41.1,48.0,4.484714,1.0,6.3,20.11266,36.233333,4.028817,1.0,5.766667,4.866667,1
L_G24_PSI10_V001_W0016,L_G24_PSI10_V001,16,10,36.7,42.0,3.57129,1.0,4.9,12.754112,37.6,4.612444,1.0,5.766667,-0.9,1
L_G24_PSI10_V001_W0017,L_G24_PSI10_V001,17,10,39.7,52.0,8.040087,1.0,5.8,64.642999,38.6,4.05503,1.0,5.7,1.1,1
L_G24_PSI10_V001_W0018,L_G24_PSI10_V001,18,10,36.3,42.0,4.541059,1.0,3.9,20.621217,39.166667,5.365364,1.0,5.666667,-2.866667,1
L_G24_PSI10_V001_W0019,L_G24_PSI10_V001,19,10,41.6,49.0,3.598613,1.0,4.6,12.950016,37.566667,5.384145,1.0,4.866667,4.033333,1
L_G24_PSI10_V001_W0020,L_G24_PSI10_V001,20,10,37.4,48.0,5.667481,1.0,5.1,32.120341,39.2,5.393253,1.0,4.766667,-1.8,1
L_G24_PSI10_V001_W0021,L_G24_PSI10_V001,21,10,41.3,48.0,2.887338,1.0,5.7,8.336721,38.433333,4.602384,1.0,4.533333,2.866667,1
L_G24_PSI10_V001_W0022,L_G24_PSI10_V001,22,10,35.8,41.0,1.810686,1.0,5.5,3.278584,40.1,4.051144,1.0,5.133333,-4.3,1
L_G24_PSI10_V001_W0023,L_G24_PSI10_V001,23,10,36.5,38.0,2.698108,1.0,6.8,7.279787,38.166667,3.455168,1.0,5.433333,-1.666667,1
L_G24_PSI10_V001_W0024,L_G24_PSI10_V001,24,10,33.4,40.0,2.933471,1.0,7.5,8.605252,37.866667,2.465377,1.0,6.0,-4.466667,1
L_G24_PSI10_V001_W0025,L_G24_PSI10_V001,25,10,34.2,40.0,5.627447,1.0,5.4,31.66816,35.233333,2.480755,1.0,6.6,-1.033333,1
L_G24_PSI10_V001_W0026,L_G24_PSI10_V001,26,10,39.3,43.0,4.794735,1.0,4.4,22.989484,34.7,3.753009,1.0,6.566667,4.6,1
L_G24_PSI10_V001_W0027,L_G24_PSI10_V001,27,10,35.4,45.0,6.398741,1.0,5.9,40.943886,35.633333,4.451884,1.0,5.766667,-0.233333,1
L_G24_PSI10_V001_W0028,L_G24_PSI10_V001,28,10,37.6,41.0,2.581293,1.0,6.6,6.663074,36.3,5.606974,1.0,5.233333,1.3,1
L_G24_PSI10_V001_W0029,L_G24_PSI10_V001,29,10,43.3,55.0,7.648725,1.0,5.3,58.502994,37.433333,4.59159,1.0,5.633333,5.866667,1
L_G24_PSI10_V001_W0030,L_G24_PSI10_V001,30,10,42.4,46.0,2.152854,1.0,4.9,4.63478,38.766667,5.54292,1.0,5.933333,3.633333,1
L_G24_PSI10_V001_W0031,L_G24_PSI10_V001,31,10,37.5,45.0,5.042128,1.0,5.8,25.423055,41.1,4.127624,1.0,5.6,-3.6,1
L_G24_PSI10_V001_W0032,L_G24_PSI10_V001,32,10,37.8,47.0,4.549962,1.0,4.5,20.702154,41.066667,4.947902,1.0,5.333333,-3.266667,1
L_G24_PSI10_V001_W0033,L_G24_PSI10_V001,33,10,41.9,47.0,3.666441,1.0,4.7,13.44279,39.233333,3.914982,1.0,5.066667,2.666667,1
L_G24_PSI10_V001_W0034,L_G24_PSI10_V001,34,10,48.3,56.0,5.037417,1.0,5.5,25.37557,39.066667,4.41951,1.0,5.0,9.233333,1
L_G24_PSI10_V001_W0035,L_G24_PSI10_V001,35,10,47.3,54.0,4.168479,1.0,7.3,17.376217,42.666667,4.41794,1.0,4.9,4.633333,1
L_G24_PSI10_V001_W0036,L_G24_PSI10_V001,36,10,34.8,38.0,5.735048,1.0,7.7,32.890776,45.833333,4.290779,1.0,5.833333,-11.033333,1
L_G24_PSI10_V001_W0037,L_G24_PSI10_V001,37,10,30.8,37.0,3.559899,1.0,7.5,12.672881,43.466667,4.980315,1.0,6.833333,-12.666667,1
L_G24_PSI10_V001_W0038,L_G24_PSI10_V001,38,10,24.4,32.0,3.961997,1.0,7.8,15.69742,37.633333,4.487809,1.0,7.5,-13.233333,1
L_G24_PSI10_V001_W0039,L_G24_PSI10_V001,39,10,23.0,27.0,2.223369,1.0,9.3,4.94337,30.0,4.418982,1.0,7.666667,-7.0,1
L_G24_PSI10_V001_W0040,L_G24_PSI10_V001,40,10,9.8,15.0,3.550263,1.0,4.3,12.604367,26.066667,3.248422,1.0,8.2,-16.266667,1
L_G24_PSI10_V001_W0041,L_G24_PSI10_V001,41,10,17.0,22.0,2.175511,1.0,10.0,4.732848,19.066667,3.24521,1.0,7.133333,-2.066667,1
L_G24_PSI10_V001_W0042,L_G24_PSI10_V001,42,10,6.8,12.0,3.714961,1.0,5.1,13.800935,16.6,2.649714,1.0,7.866667,-9.8,1
L_G24_PSI10_V001_W0043,L_G24_PSI10_V001,43,10,10.6,14.0,2.064402,1.0,8.0,4.261756,11.2,3.146911,1.0,6.466667,-0.6,1
L_G24_PSI10_V001_W0044,L_G24_PSI10_V001,44,10,8.5,11.0,1.577359,1.0,7.2,2.488061,11.466667,2.651625,1.0,7.7,-2.966667,1
L_G24_PSI10_V001_W0045,L_G24_PSI10_V001,45,10,8.8,11.0,1.247981,1.0,5.4,1.557457,8.633333,2.452241,1.0,6.766667,0.166667,1
L_G24_PSI10_V001_W0046,L_G24_PSI10_V001,46,10,7.0,16.0,3.500549,1.0,3.1,12.253843,9.3,1.629914,1.0,6.866667,-2.3,1
L_G24_PSI10_V001_W0047,L_G24_PSI10_V001,47,10,3.3,6.0,2.145395,0.8,3.3,4.60272,8.1,2.10863,1.0,5.233333,-4.8,0
L_G24_PSI10_V001_W0048,L_G24_PSI10_V001,48,10,0.2,2.0,0.506623,0.0,1.0,0.256667,6.366667,2.297975,0.933333,3.933333,-6.166667,0
L_G24_PSI10_V001_W0049,L_G24_PSI10_V001,49,10,0.0,0.0,0.0,0.0,0.0,0.0,3.5,2.050855,0.6,2.466667,-3.5,0
L_G24_PSI30_V001_W0004,L_G24_PSI30_V001,4,10,0.1,3.0,0.203627,0.1,1.0,0.041464,0.0,0.0,0.0,0.0,0.1,1
L_G24_PSI30_V001_W0005,L_G24_PSI30_V001,5,10,11.6,20.0,3.369908,1.0,3.2,11.35628,0.1,0.203627,0.1,1.0,11.5,1
L_G24_PSI30_V001_W0006,L_G24_PSI30_V001,6,10,28.1,41.0,8.418062,1.0,4.4,70.863768,5.85,1.786767,0.55,2.1,22.25,1
L_G24_PSI30_V001_W0007,L_G24_PSI30_V001,7,10,42.8,60.0,6.135022,1.0,4.5,37.638495,13.266667,3.997199,0.7,2.866667,29.533333,1
L_G24_PSI30_V001_W0008,L_G24_PSI30_V001,8,10,41.9,50.0,4.613426,1.0,4.8,21.283699,27.5,5.974331,1.0,4.033333,14.4,1
L_G24_PSI30_V001_W0009,L_G24_PSI30_V001,9,10,44.4,55.0,4.700984,1.0,4.7,22.099251,37.6,6.388837,1.0,4.566667,6.8,1
L_G24_PSI30_V001_W0010,L_G24_PSI30_V001,10,10,41.0,49.0,3.921336,1.0,4.2,15.376876,43.033333,5.149811,1.0,4.666667,-2.033333,1
L_G24_PSI30_V001_W0011,L_G24_PSI30_V001,11,10,44.9,52.0,5.965921,1.0,4.4,35.592213,42.433333,4.411916,1.0,4.566667,2.466667,1
L_G24_PSI30_V001_W0012,L_G24_PSI30_V001,12,10,51.8,53.0,4.829499,1.0,5.5,23.324061,43.433333,4.862747,1.0,4.433333,8.366667,1
L_G24_PSI30_V001_W0013,L_G24_PSI30_V001,13,10,44.6,51.0,5.551443,1.0,5.5,30.818519,45.9,4.905585,1.0,4.7,-1.3,1
L_G24_PSI30_V001_W0014,L_G24_PSI30_V001,14,10,42.4,46.0,2.152854,1.0,4.4,4.63478,47.1,5.448954,1.0,5.133333,-4.7,1
L_G24_PSI30_V001_W0015,L_G24_PSI30_V001,15,10,40.0,52.0,7.770966,1.0,5.9,60.387913,46.266667,4.177932,1.0,5.133333,-6.266667,1
L_G24_PSI30_V001_W0016,L_G24_PSI30_V001,16,10,40.5,46.0,4.977823,1.0,4.4,24.778722,42.333333,5.158421,1.0,5.266667,-1.833333,1
L_G24_PSI30_V001_W0017,L_G24_PSI30_V001,17,10,42.8,45.0,5.454093,1.0,5.0,29.74713,40.966667,4.967214,1.0,4.9,1.833333,1
L_G24_PSI30_V001_W0018,L_G24_PSI30_V001,18,10,39.3,48.0,5.398031,1.0,4.1,29.138739,41.1,6.067627,1.0,5.1,-1.8,1
L_G24_PSI30_V001_W0019,L_G24_PSI30_V001,19,10,39.8,45.0,4.136281,1.0,4.9,17.108821,40.866667,5.276649,1.0,4.5,-1.066667,1
L_G24_PSI30_V001_W0020,L_G24_PSI30_V001,20,10,44.2,53.0,5.237263,1.0,5.1,27.428924,40.633333,4.996135,1.0,4.666667,3.566667,1
L_G24_PSI30_V001_W0021,L_G24_PSI30_V001,21,10,37.0,53.0,7.707997,1.0,5.7,59.413218,41.1,4.923858,1.0,4.7,-4.1,1
L_G24_PSI30_V001_W0022,L_G24_PSI30_V001,22,10,36.6,48.0,4.443197,1.0,5.1,19.742,40.333333,5.693847,1.0,5.233333,-3.733333,1
L_G24_PSI30_V001_W0023,L_G24_PSI30_V001,23,10,41.9,51.0,5.464251,1.0,5.3,29.858039,39.266667,5.796152,1.0,5.3,2.633333,1
L_G24_PSI30_V001_W0024,L_G24_PSI30_V001,24,10,36.7,46.0,4.480518,1.0,4.3,20.075042,38.5,5.871815,1.0,5.366667,-1.8,1
L_G24_PSI30_V001_W0025,L_G24_PSI30_V001,25,10,43.1,51.0,5.633921,1.0,4.1,31.741066,38.4,4.795989,1.0,4.9,4.7,1
L_G24_PSI30_V001_W0026,L_G24_PSI30_V001,26,10,40.8,49.0,5.098353,1.0,5.0,25.993203,40.566667,5.192897,1.0,4.566667,0.233333,1
L_G24_PSI30_V001_W0027,L_G24_PSI30_V001,27,10,46.2,57.0,6.110113,1.0,4.5,37.333481,40.2,5.070931,1.0,4.466667,6.0,1
L_G24_PSI30_V001_W0028,L_G24_PSI30_V001,28,10,39.6,48.0,3.908808,1.0,4.5,15.27878,43.366667,5.614129,1.0,4.533333,-3.766667,1
L_G24_PSI30_V001_W0029,L_G24_PSI30_V001,29,10,37.4,41.0,4.10497,1.0,5.3,16.850779,42.2,5.039091,1.0,4.666667,-4.8,1
L_G24_PSI30_V001_W0030,L_G24_PSI30_V001,30,10,35.7,40.0,2.735288,1.0,5.5,7.4818,41.066667,4.707964,1.0,4.766667,-5.366667,1
L_G24_PSI30_V001_W0031,L_G24_PSI30_V001,31,10,45.0,57.0,7.511894,1.0,4.8,56.428551,37.566667,3.583022,1.0,5.1,7.433333,1
L_G24_PSI30_V001_W0032,L_G24_PSI30_V001,32,10,41.4,47.0,3.909823,1.0,5.7,15.286716,39.366667,4.78405,1.0,5.2,2.033333,1
L_G24_PSI30_V001_W0033,L_G24_PSI30_V001,33,10,40.1,48.0,5.500551,1.0,5.7,30.256061,40.7,4.719002,1.0,5.333333,-0.6,1
L_G24_PSI30_V001_W0034,L_G24_PSI30_V001,34,10,44.5,50.0,4.743939,1.0,4.4,22.504957,42.166667,5.640756,1.0,5.4,2.333333,1
L_G24_PSI30_V001_W0035,L_G24_PSI30_V001,35,10,39.3,41.0,1.64503,1.0,6.4,2.706124,42.0,4.718105,1.0,5.266667,-2.7,1
L_G24_PSI30_V001_W0036,L_G24_PSI30_V001,36,10,37.6,41.0,2.707925,1.0,6.5,7.332858,41.3,3.963173,1.0,5.5,-3.7,1
L_G24_PSI30_V001_W0037,L_G24_PSI30_V001,37,10,35.8,42.0,3.880088,1.0,6.3,15.055083,40.466667,3.032298,1.0,5.766667,-4.666667,1
L_G24_PSI30_V001_W0038,L_G24_PSI30_V001,38,10,31.1,39.0,4.315979,1.0,10.3,18.627675,37.566667,2.744347,1.0,6.4,-6.466667,1
L_G24_PSI30_V001_W0039,L_G24_PSI30_V001,39,10,24.7,32.0,3.950194,1.0,10.2,15.604033,34.833333,3.634664,1.0,7.7,-10.133333,1
L_G24_PSI30_V001_W0040,L_G24_PSI30_V001,40,10,21.5,27.0,2.999303,1.0,10.8,8.995818,30.533333,4.048754,1.0,8.933333,-9.033333,1
L_G24_PSI30_V001_W0041,L_G24_PSI30_V001,41,10,21.9,29.0,4.598923,1.0,6.6,21.150093,25.766667,3.755159,1.0,10.433333,-3.866667,1
L_G24_PSI30_V001_W0042,L_G24_PSI30_V001,42,10,14.5,18.0,1.565627,1.0,9.0,2.451188,22.7,3.849473,1.0,9.2,-8.2,1
L_G24_PSI30_V001_W0043,L_G24_PSI30_V001,43,10,15.4,15.4,0.990677,1.0,10.7,0.981441,19.3,3.054618,1.0,8.8,-3.9,1
L_G24_PSI30_V001_W0044,L_G24_PSI30_V001,44,10,11.9,15.0,1.040848,1.0,10.7,1.083365,17.266667,2.385076,1.0,8.766667,-5.366667,1
L_G24_PSI30_V001_W0045,L_G24_PSI30_V001,45,10,12.1,13.0,0.836501,1.0,13.4,0.699734,13.933333,1.19905,1.0,10.133333,-1.833333,1
L_G24_PSI30_V001_W0046,L_G24_PSI30_V001,46,10,10.9,14.0,1.408038,1.0,10.0,1.982571,13.133333,0.956008,1.0,11.6,-2.233333,1
L_G24_PSI30_V001_W0047,L_G24_PSI30_V001,47,10,6.0,8.0,1.596329,1.0,6.0,2.548266,11.633333,1.095129,1.0,11.366667,-5.633333,1
L_G24_PSI30_V001_W0048,L_G24_PSI30_V001,48,10,0.4,0.4,0.248536,0.0,1.4,0.06177,9.666667,1.280289,1.0,9.8,-9.266667,0
NL_G16_500UL_V001_W0003,NL_G16_500UL_V001,3,10,1.0,2.0,1.020334,0.5,1.0,1.041081,0.0,0.0,0.0,0.0,1.0,0
NL_G16_500UL_V001_W0004,NL_G16_500UL_V001,4,10,1.3,3.0,1.159502,0.6,1.1,1.344445,1.0,1.020334,0.5,1.0,0.3,0
NL_G16_500UL_V001_W0005,NL_G16_500UL_V001,5,10,1.3,3.0,1.159502,0.6,1.1,1.344445,1.15,1.089918,0.55,1.05,0.15,0
NL_G16_500UL_V001_W0006,NL_G16_500UL_V001,6,10,1.3,3.0,1.159502,0.6,1.1,1.344445,1.2,1.113113,0.566667,1.066667,0.1,0
NL_G16_500UL_V001_W0007,NL_G16_500UL_V001,7,10,1.4,2.0,0.966092,0.7,1.1,0.933334,1.3,1.159502,0.6,1.1,0.1,0
NL_G16_500UL_V001_W0008,NL_G16_500UL_V001,8,10,1.8,3.0,1.032796,0.8,1.4,1.066668,1.333333,1.095032,0.633333,1.1,0.466667,0
NL_G16_SINGLE_BUBBLE_V003_W0000,NL_G16_SINGLE_BUBBLE_V003,0,10,1.7,4.0,1.636392,0.6,1.4,2.677779,0.0,0.0,0.0,0.0,1.7,0
NL_G16_SINGLE_BUBBLE_V003_W0001,NL_G16_SINGLE_BUBBLE_V003,1,10,1.9,3.0,1.041654,0.8,1.2,1.085043,1.7,1.636392,0.6,1.4,0.2,0
NL_G16_SINGLE_BUBBLE_V003_W0002,NL_G16_SINGLE_BUBBLE_V003,2,10,1.8,2.0,0.860717,0.8,1.1,0.740834,1.8,1.339023,0.7,1.3,0.0,0
NL_G16_SINGLE_BUBBLE_V003_W0003,NL_G16_SINGLE_BUBBLE_V003,3,10,1.3,3.0,1.159502,0.6,1.1,1.344445,1.8,1.179587,0.733333,1.233333,-0.5,0
NL_G16_SINGLE_BUBBLE_V003_W0004,NL_G16_SINGLE_BUBBLE_V003,4,10,1.3,3.0,1.159502,0.6,1.1,1.344445,1.666667,1.020624,0.733333,1.133333,-0.366667,0
NL_G16_SINGLE_BUBBLE_V003_W0005,NL_G16_SINGLE_BUBBLE_V003,5,10,1.3,3.0,1.159502,0.6,1.1,1.344445,1.466667,1.059907,0.666667,1.1,-0.166667,0
NL_G16_SINGLE_BUBBLE_V003_W0006,NL_G16_SINGLE_BUBBLE_V003,6,10,1.3,3.0,1.159502,0.6,1.1,1.344445,1.3,1.159502,0.6,1.1,0.0,0
NL_G16_SINGLE_BUBBLE_V003_W0007,NL_G16_SINGLE_BUBBLE_V003,7,10,1.3,3.0,1.159502,0.6,1.1,1.344445,1.3,1.159502,0.6,1.1,0.0,0
NL_G16_SINGLE_BUBBLE_V003_W0008,NL_G16_SINGLE_BUBBLE_V003,8,10,1.3,3.0,1.159502,0.6,1.1,1.344445,1.3,1.159502,0.6,1.1,0.0,0
NL_G16_SINGLE_BUBBLE_V003_W0009,NL_G16_SINGLE_BUBBLE_V003,9,10,1.3,3.0,1.159502,0.6,1.1,1.344445,1.3,1.159502,0.6,1.1,0.0,0
NL_G16_SINGLE_BUBBLE_V003_W0010,NL_G16_SINGLE_BUBBLE_V003,10,10,1.3,3.0,1.159502,0.6,1.1,1.344445,1.3,1.159502,0.6,1.1,0.0,0
NL_G16_SINGLE_BUBBLE_V003_W0011,NL_G16_SINGLE_BUBBLE_V003,11,10,1.3,3.0,1.159502,0.6,1.1,1.344445,1.3,1.159502,0.6,1.1,0.0,0
NL_G16_SINGLE_BUBBLE_V003_W0012,NL_G16_SINGLE_BUBBLE_V003,12,10,1.3,3.0,1.159502,0.6,1.1,1.344445,1.3,1.159502,0.6,1.1,0.0,0
NL_G16_SINGLE_BUBBLE_V003_W0013,NL_G16_SINGLE_BUBBLE_V003,13,10,1.3,3.0,1.159502,0.6,1.1,1.344445,1.3,1.159502,0.6,1.1,0.0,0
NL_G16_SINGLE_BUBBLE_V003_W0014,NL_G16_SINGLE_BUBBLE_V003,14,10,1.3,3.0,1.159502,0.6,1.1,1.344445,1.3,1.159502,0.6,1.1,0.0,0
NL_G16_SINGLE_BUBBLE_V003_W0015,NL_G16_SINGLE_BUBBLE_V003,15,10,1.6,3.0,1.173788,0.7,1.4,1.377778,1.3,1.159502,0.6,1.1,0.3,0
NL_G16_SINGLE_BUBBLE_V003_W0016,NL_G16_SINGLE_BUBBLE_V003,16,10,1.8,2.0,0.860717,0.8,1.1,0.740834,1.4,1.164264,0.633333,1.2,0.4,0
NL_G16_SINGLE_BUBBLE_V004_W0000,NL_G16_SINGLE_BUBBLE_V004,0,10,1.9,3.0,1.041654,0.8,1.2,1.085043,0.0,0.0,0.0,0.0,1.9,0
NL_G16_SINGLE_BUBBLE_V004_W0001,NL_G16_SINGLE_BUBBLE_V004,1,10,1.9,3.0,1.041654,0.8,1.2,1.085043,1.9,1.041654,0.8,1.2,0.0,0
NL_G16_SINGLE_BUBBLE_V004_W0002,NL_G16_SINGLE_BUBBLE_V004,2,10,1.3,3.0,1.159502,0.6,1.1,1.344445,1.9,1.041654,0.8,1.2,-0.6,0
NL_G16_SINGLE_BUBBLE_V004_W0003,NL_G16_SINGLE_BUBBLE_V004,3,10,1.3,3.0,1.159502,0.6,1.1,1.344445,1.7,1.080937,0.733333,1.166667,-0.4,0
NL_G16_SINGLE_BUBBLE_V004_W0004,NL_G16_SINGLE_BUBBLE_V004,4,10,1.3,3.0,1.159502,0.6,1.1,1.344445,1.5,1.120219,0.666667,1.133333,-0.2,0
NL_G16_SINGLE_BUBBLE_V004_W0005,NL_G16_SINGLE_BUBBLE_V004,5,10,1.3,3.0,1.159502,0.6,1.1,1.344445,1.3,1.159502,0.6,1.1,0.0,0
NL_G16_SINGLE_BUBBLE_V004_W0006,NL_G16_SINGLE_BUBBLE_V004,6,10,1.3,3.0,1.159502,0.6,1.1,1.344445,1.3,1.159502,0.6,1.1,0.0,0
NL_G16_SINGLE_BUBBLE_V004_W0007,NL_G16_SINGLE_BUBBLE_V004,7,10,1.3,3.0,1.159502,0.6,1.1,1.344445,1.3,1.159502,0.6,1.1,0.0,0
NL_G16_SINGLE_BUBBLE_V004_W0008,NL_G16_SINGLE_BUBBLE_V004,8,10,1.3,3.0,1.159502,0.6,1.1,1.344445,1.3,1.159502,0.6,1.1,0.0,0
NL_G16_SINGLE_BUBBLE_V004_W0009,NL_G16_SINGLE_BUBBLE_V004,9,10,1.3,3.0,1.159502,0.6,1.1,1.344445,1.3,1.159502,0.6,1.1,0.0,0
NL_G16_SINGLE_BUBBLE_V004_W0010,NL_G16_SINGLE_BUBBLE_V004,10,10,1.3,3.0,1.159502,0.6,1.1,1.344445,1.3,1.159502,0.6,1.1,0.0,0
NL_G16_SINGLE_BUBBLE_V004_W0011,NL_G16_SINGLE_BUBBLE_V004,11,10,1.3,3.0,1.159502,0.6,1.1,1.344445,1.3,1.159502,0.6,1.1,0.0,0
NL_G16_SINGLE_BUBBLE_V004_W0012,NL_G16_SINGLE_BUBBLE_V004,12,10,1.3,3.0,1.159502,0.6,1.1,1.344445,1.3,1.159502,0.6,1.1,0.0,0
NL_G16_SINGLE_BUBBLE_V004_W0013,NL_G16_SINGLE_BUBBLE_V004,13,10,1.3,3.0,1.159502,0.6,1.1,1.344445,1.3,1.159502,0.6,1.1,0.0,0
NL_G16_SINGLE_BUBBLE_V004_W0014,NL_G16_SINGLE_BUBBLE_V004,14,10,1.9,3.0,1.041654,0.8,1.2,1.085043,1.3,1.159502,0.6,1.1,0.6,0
NL_G20_500UL_V002_W0002,NL_G20_500UL_V002,2,10,2.9,3.0,1.238648,0.9,1.7,1.534249,0.0,0.0,0.0,0.0,2.9,0
NL_G20_500UL_V002_W0003,NL_G20_500UL_V002,3,10,2.1,5.0,1.628102,0.7,1.1,2.650716,2.9,1.238648,0.9,1.7,-0.8,0
NL_G20_500UL_V002_W0004,NL_G20_500UL_V002,4,10,2.0,2.0,0.700153,0.9,1.4,0.490214,2.5,1.433375,0.8,1.4,-0.5,0
NL_G20_500UL_V002_W0005,NL_G20_500UL_V002,5,10,2.1,2.1,0.666801,0.9,1.5,0.444624,2.333333,1.188968,0.833333,1.4,-0.233333,0
NL_G20_500UL_V002_W0006,NL_G20_500UL_V002,6,10,1.2,4.0,1.441971,0.5,1.2,2.07928,2.066667,0.998352,0.833333,1.333333,-0.866667,0
NL_G20_500UL_V002_W0008,NL_G20_500UL_V002,8,10,1.8,3.0,1.032796,0.8,1.4,1.066668,1.766667,0.936308,0.766667,1.366667,0.033333,0
NL_G20_500UL_V002_W0009,NL_G20_500UL_V002,9,10,1.7,4.0,1.636392,0.6,1.4,2.677779,1.7,1.047189,0.733333,1.366667,0.0,0
NL_G20_500UL_V002_W0010,NL_G20_500UL_V002,10,10,1.9,4.0,1.628102,0.7,1.0,2.650716,1.566667,1.370386,0.633333,1.333333,0.333333,0
NL_G20_500UL_V002_W0011,NL_G20_500UL_V002,11,10,2.3,4.0,1.159502,0.6,2.1,1.344445,1.8,1.43243,0.7,1.266667,0.5,0
NL_G20_500UL_V002_W0012,NL_G20_500UL_V002,12,10,1.8,4.0,1.733511,0.7,1.0,3.00506,1.966667,1.474665,0.633333,1.5,-0.166667,0
NL_G20_500UL_V002_W0013,NL_G20_500UL_V002,13,10,1.9,4.0,1.628102,0.7,1.0,2.650716,2.0,1.507039,0.666667,1.366667,-0.1,0
NL_G20_500UL_V002_W0014,NL_G20_500UL_V002,14,10,1.7,4.0,1.636392,0.6,1.4,2.677779,2.0,1.507039,0.666667,1.366667,-0.3,0
NL_G20_500UL_V002_W0018,NL_G20_500UL_V002,18,10,2.1,3.0,1.219914,0.8,1.4,1.48819,1.8,1.666002,0.666667,1.133333,0.3,0
NL_G20_500UL_V002_W0019,NL_G20_500UL_V002,19,10,1.9,4.0,1.628102,0.7,1.0,2.650716,1.9,1.494803,0.7,1.266667,0.0,0
NL_G20_500UL_V002_W0020,NL_G20_500UL_V002,20,10,2.3,4.0,1.159502,0.6,2.1,1.344445,1.9,1.494803,0.7,1.266667,0.4,0
NL_G20_500UL_V002_W0021,NL_G20_500UL_V002,21,10,1.8,4.0,1.733511,0.7,1.0,3.00506,2.1,1.335839,0.7,1.5,-0.3,0
NL_G20_500UL_V002_W0022,NL_G20_500UL_V002,22,10,2.0,3.0,1.101555,0.8,1.6,1.213423,2.0,1.507039,0.666667,1.366667,0.0,0
NL_G20_500UL_V002_W0025,NL_G20_500UL_V002,25,10,1.8,3.0,1.032796,0.8,1.4,1.066668,2.033333,1.331523,0.7,1.566667,-0.233333,0
NL_G20_500UL_V002_W0026,NL_G20_500UL_V002,26,10,1.7,3.0,1.398377,0.7,1.4,1.955458,1.866667,1.289287,0.766667,1.333333,-0.166667,0
NL_G20_500UL_V002_W0027,NL_G20_500UL_V002,27,10,2.3,4.0,1.159502,0.6,2.1,1.344445,1.833333,1.177576,0.766667,1.466667,0.466667,0
NL_G20_500UL_V002_W0028,NL_G20_500UL_V002,28,10,2.3,4.0,1.159502,0.6,2.1,1.344445,1.933333,1.196891,0.7,1.633333,0.366667,0
NL_G20_500UL_V002_W0029,NL_G20_500UL_V002,29,10,1.9,2.0,0.710801,0.9,1.3,0.505238,2.1,1.239127,0.633333,1.866667,-0.2,0
NL_G20_500UL_V004_W0000,NL_G20_500UL_V004,0,10,1.7,2.0,0.851175,0.8,1.3,0.724499,0.0,0.0,0.0,0.0,1.7,0
NL_G20_500UL_V004_W0001,NL_G20_500UL_V004,1,10,1.9,4.0,1.628102,0.7,1.0,2.650716,1.7,0.851175,0.8,1.3,0.2,0
NL_G20_500UL_V004_W0002,NL_G20_500UL_V004,2,10,2.0,4.0,1.399587,0.8,1.5,1.958844,1.8,1.239639,0.75,1.15,0.2,0
NL_G20_500UL_V004_W0005,NL_G20_500UL_V004,5,10,1.8,3.0,1.032796,0.8,1.4,1.066668,1.866667,1.292955,0.766667,1.266667,-0.066667,0
NL_G20_500UL_V004_W0006,NL_G20_500UL_V004,6,10,2.1,2.1,0.666801,0.9,1.5,0.444624,1.9,1.353495,0.766667,1.3,0.2,0
NL_G20_500UL_V004_W0007,NL_G20_500UL_V004,7,10,2.3,4.0,1.159502,0.6,2.1,1.344445,1.966667,1.033061,0.833333,1.466667,0.333333,0
NL_G20_500UL_V004_W0008,NL_G20_500UL_V004,8,10,1.6,2.0,0.843274,0.8,1.2,0.711111,2.066667,0.953033,0.766667,1.666667,-0.466667,0
NL_G20_500UL_V004_W0009,NL_G20_500UL_V004,9,10,1.8,4.0,1.733511,0.7,1.0,3.00506,2.0,0.889859,0.766667,1.6,-0.2,0
NL_G20_500UL_V004_W0010,NL_G20_500UL_V004,10,10,1.7,4.0,1.636392,0.6,1.4,2.677779,1.9,1.245429,0.7,1.433333,-0.2,0
NL_G20_500UL_V004_W0013,NL_G20_500UL_V004,13,10,1.8,3.0,1.032796,0.8,1.4,1.066668,1.7,1.404392,0.7,1.2,0.1,0
NL_G20_500UL_V004_W0014,NL_G20_500UL_V004,14,10,2.8,3.0,1.232085,0.9,1.7,1.518033,1.766667,1.467566,0.7,1.266667,1.033333,0
NL_G20_500UL_V004_W0015,NL_G20_500UL_V004,15,10,1.8,4.0,1.733511,0.7,1.0,3.00506,2.1,1.300424,0.766667,1.5,-0.3,0
NL_G20_500UL_V004_W0016,NL_G20_500UL_V004,16,10,2.3,3.0,0.751401,0.9,1.6,0.564603,2.133333,1.332797,0.8,1.366667,0.166667,0
NL_G20_500UL_V004_W0017,NL_G20_500UL_V004,17,10,1.8,4.0,1.733511,0.7,1.0,3.00506,2.3,1.238999,0.833333,1.433333,-0.5,0
NL_G20_500UL_V004_W0018,NL_G20_500UL_V004,18,10,2.0,3.0,1.13313,0.8,1.3,1.283984,1.966667,1.406141,0.766667,1.2,0.033333,0
NL_G22_SINGLE_BUBBLE_V001_W0000,NL_G22_SINGLE_BUBBLE_V001,0,10,2.3,3.0,0.751401,0.9,1.0,0.564603,0.0,0.0,0.0,0.0,2.3,0
NL_G22_SINGLE_BUBBLE_V001_W0001,NL_G22_SINGLE_BUBBLE_V001,1,10,2.0,4.0,1.642548,0.6,1.1,2.697964,2.3,0.751401,0.9,1.0,-0.3,0
NL_G22_SINGLE_BUBBLE_V001_W0002,NL_G22_SINGLE_BUBBLE_V001,2,10,1.6,3.0,1.173788,0.7,1.4,1.377778,2.15,1.196974,0.75,1.05,-0.55,0
NL_G22_SINGLE_BUBBLE_V001_W0003,NL_G22_SINGLE_BUBBLE_V001,3,10,1.9,3.0,1.041654,0.8,1.2,1.085043,1.966667,1.189246,0.733333,1.166667,-0.066667,0
NL_G22_SINGLE_BUBBLE_V001_W0004,NL_G22_SINGLE_BUBBLE_V001,4,10,1.7,4.0,1.636392,0.6,1.4,2.677779,1.833333,1.285997,0.7,1.233333,-0.133333,0
NL_G22_SINGLE_BUBBLE_V001_W0005,NL_G22_SINGLE_BUBBLE_V001,5,10,1.6,4.0,1.642548,0.6,1.2,2.697964,1.733333,1.283944,0.7,1.333333,-0.133333,0
NL_G22_SINGLE_BUBBLE_V001_W0006,NL_G22_SINGLE_BUBBLE_V001,6,10,1.4,4.0,1.47573,0.6,1.2,2.177779,1.733333,1.440198,0.666667,1.266667,-0.333333,0
NL_G22_SINGLE_BUBBLE_V001_W0007,NL_G22_SINGLE_BUBBLE_V001,7,10,1.4,4.0,1.47573,0.6,1.1,2.177779,1.566667,1.58489,0.6,1.266667,-0.166667,0
NL_G22_SINGLE_BUBBLE_V001_W0008,NL_G22_SINGLE_BUBBLE_V001,8,10,1.8,3.0,1.032796,0.8,1.4,1.066668,1.466667,1.531336,0.6,1.166667,0.333333,0
NL_G22_SINGLE_BUBBLE_V001_W0012,NL_G22_SINGLE_BUBBLE_V001,12,10,1.8,3.0,1.032796,0.8,1.4,1.066668,1.533333,1.328085,0.666667,1.233333,0.266667,0
NL_G22_SINGLE_BUBBLE_V001_W0016,NL_G22_SINGLE_BUBBLE_V001,16,10,1.8,3.0,1.032796,0.8,1.4,1.066668,1.666667,1.18044,0.733333,1.3,0.133333,0
NL_G22_SINGLE_BUBBLE_V001_W0017,NL_G22_SINGLE_BUBBLE_V001,17,10,1.8,3.0,1.032796,0.8,1.4,1.066668,1.8,1.032796,0.8,1.4,0.0,0
NL_G22_SINGLE_BUBBLE_V001_W0021,NL_G22_SINGLE_BUBBLE_V001,21,10,1.7,4.0,1.636392,0.6,1.4,2.677779,1.8,1.032796,0.8,1.4,-0.1,0
NL_G24_500UL_V006_W0000,NL_G24_500UL_V006,0,10,2.0,3.0,1.13313,0.8,1.2,1.283984,0.0,0.0,0.0,0.0,2.0,0
NL_G24_500UL_V006_W0001,NL_G24_500UL_V006,1,10,1.1,3.0,1.192494,0.5,1.0,1.422042,2.0,1.13313,0.8,1.2,-0.9,0
NL_G24_500UL_V006_W0002,NL_G24_500UL_V006,2,10,4.3,7.0,2.172749,0.9,2.1,4.720838,1.55,1.162812,0.65,1.1,2.75,0
NL_G24_500UL_V006_W0003,NL_G24_500UL_V006,3,10,5.6,7.0,1.421266,1.0,2.9,2.019997,2.466667,1.499458,0.733333,1.433333,3.133333,0
NL_G24_500UL_V006_W0004,NL_G24_500UL_V006,4,10,5.2,6.0,1.148853,1.0,2.9,1.319863,3.666667,1.595503,0.8,2.0,1.533333,0
NL_G24_500UL_V006_W0005,NL_G24_500UL_V006,5,10,5.4,7.0,1.331661,1.0,2.6,1.773321,5.033333,1.580956,0.966667,2.633333,0.366667,0
NL_G24_500UL_V006_W0006,NL_G24_500UL_V006,6,10,3.3,4.0,1.58603,0.9,1.6,2.515491,5.4,1.300593,1.0,2.8,-2.1,0
NL_G24_500UL_V006_W0007,NL_G24_500UL_V006,7,10,2.1,4.0,0.975461,0.9,1.3,0.951524,4.633333,1.355515,0.966667,2.366667,-2.533333,0
NL_STATIC_DENSE_V003_W0000,NL_STATIC_DENSE_V003,0,10,89.3,90.53,1.13,0.99,3.07,1.2769,0.0,0.0,0.0,0.0,89.3,0
NL_STATIC_DENSE_V003_W0001,NL_STATIC_DENSE_V003,1,10,84.15,85.18,1.94,0.997,2.86,3.7636,89.3,1.13,0.99,3.07,-5.15,0
NL_STATIC_DENSE_V003_W0002,NL_STATIC_DENSE_V003,2,10,62.9,64.38,0.52,0.995,2.34,0.2704,86.725,1.535,0.9935,2.965,-23.825,0
NL_STATIC_DENSE_V003_W0003,NL_STATIC_DENSE_V003,3,10,85.57,87.9,1.39,0.999,2.87,1.9321,78.783333,1.196667,0.994,2.756667,6.786667,0
NL_STATIC_DENSE_V003_W0004,NL_STATIC_DENSE_V003,4,10,85.67,87.71,0.6,0.998,2.96,0.36,77.54,1.283333,0.997,2.69,8.13,0
NL_STATIC_DENSE_V003_W0005,NL_STATIC_DENSE_V003,5,10,77.15,79.19,1.15,0.993,2.72,1.3225,78.046667,0.836667,0.997333,2.723333,-0.896667,0
NL_STATIC_DENSE_V003_W0006,NL_STATIC_DENSE_V003,6,10,77.75,80.16,0.86,0.995,2.67,0.7396,82.796667,1.046667,0.996667,2.85,-5.046667,0
NL_STATIC_DENSE_V003_W0007,NL_STATIC_DENSE_V003,7,10,75.19,77.46,0.61,0.993,2.66,0.3721,80.19,0.87,0.995333,2.783333,-5.0,0
NL_STATIC_DENSE_V003_W0008,NL_STATIC_DENSE_V003,8,10,74.46,75.85,1.42,0.993,2.61,2.0164,76.696667,0.873333,0.993667,2.683333,-2.236667,0
NL_STATIC_DENSE_V003_W0009,NL_STATIC_DENSE_V003,9,10,70.17,72.77,1.36,0.995,2.52,1.8496,75.8,0.963333,0.993667,2.646667,-5.63,0
NL_STATIC_DENSE_V003_W0010,NL_STATIC_DENSE_V003,10,10,75.22,77.97,1.24,0.997,2.78,1.5376,73.273333,1.13,0.993667,2.596667,1.946667,0
NL_STATIC_DENSE_V003_W0011,NL_STATIC_DENSE_V003,11,10,81.42,83.64,0.96,0.998,2.93,0.9216,73.283333,1.34,0.995,2.636667,8.136667,0
NL_STATIC_DENSE_V003_W0012,NL_STATIC_DENSE_V003,12,10,78.11,80.49,0.67,0.994,2.75,0.4489,75.603333,1.186667,0.996667,2.743333,2.506667,0
NL_STATIC_DENSE_V003_W0013,NL_STATIC_DENSE_V003,13,10,70.64,73.53,1.5,0.997,2.55,2.25,78.25,0.956667,0.996333,2.82,-7.61,0
NL_STATIC_DENSE_V003_W0014,NL_STATIC_DENSE_V003,14,10,81.72,82.96,1.85,0.991,2.85,3.4225,76.723333,1.043333,0.996333,2.743333,4.996667,0
NL_STATIC_DENSE_V003_W0015,NL_STATIC_DENSE_V003,15,10,61.31,62.56,1.34,0.993,2.39,1.7956,76.823333,1.34,0.994,2.716667,-15.513333,0
NL_STATIC_DENSE_V003_W0016,NL_STATIC_DENSE_V003,16,10,69.19,71.77,1.17,0.998,2.6,1.3689,71.223333,1.563333,0.993667,2.596667,-2.033333,0
NL_STATIC_DENSE_V003_W0017,NL_STATIC_DENSE_V003,17,10,78.03,80.44,1.53,0.994,2.69,2.3409,70.74,1.453333,0.994,2.613333,7.29,0
NL_STATIC_DENSE_V003_W0018,NL_STATIC_DENSE_V003,18,10,79.37,81.65,1.01,0.991,2.77,1.0201,69.51,1.346667,0.995,2.56,9.86,0
NL_STATIC_DENSE_V003_W0019,NL_STATIC_DENSE_V003,19,10,73.62,76.0,0.71,0.995,2.55,0.5041,75.53,1.236667,0.994333,2.686667,-1.91,0
NL_STATIC_DENSE_V003_W0020,NL_STATIC_DENSE_V003,20,10,64.8,65.85,1.63,0.995,2.39,2.6569,77.006667,1.083333,0.993333,2.67,-12.206667,0
NL_STATIC_DENSE_V003_W0021,NL_STATIC_DENSE_V003,21,10,84.8,87.77,0.93,1.0,2.89,0.8649,72.596667,1.116667,0.993667,2.57,12.203333,0
NL_STATIC_DENSE_V003_W0022,NL_STATIC_DENSE_V003,22,10,82.86,85.52,1.16,0.993,2.82,1.3456,74.406667,1.09,0.996667,2.61,8.453333,0
NL_STATIC_DENSE_V003_W0023,NL_STATIC_DENSE_V003,23,10,70.42,72.58,0.71,0.994,2.59,0.5041,77.486667,1.24,0.996,2.7,-7.066667,0
NL_STATIC_DENSE_V003_W0024,NL_STATIC_DENSE_V003,24,10,78.62,80.02,1.09,0.99,2.76,1.1881,79.36,0.933333,0.995667,2.766667,-0.74,0
NL_STATIC_DENSE_V003_W0025,NL_STATIC_DENSE_V003,25,10,86.1,87.36,1.69,0.991,3.01,2.8561,77.3,0.986667,0.992333,2.723333,8.8,0
NL_STATIC_DENSE_V003_W0026,NL_STATIC_DENSE_V003,26,10,74.5,77.23,1.38,0.994,2.62,1.9044,78.38,1.163333,0.991667,2.786667,-3.88,0
NL_STATIC_DENSE_V003_W0027,NL_STATIC_DENSE_V003,27,10,85.97,88.93,1.11,0.998,3.0,1.2321,79.74,1.386667,0.991667,2.796667,6.23,0
NL_STATIC_DENSE_V003_W0028,NL_STATIC_DENSE_V003,28,10,85.41,88.2,0.59,0.999,2.92,0.3481,82.19,1.393333,0.994333,2.876667,3.22,0
NL_STATIC_DENSE_V003_W0029,NL_STATIC_DENSE_V003,29,10,81.68,84.07,0.7,0.993,2.81,0.49,81.96,1.026667,0.997,2.846667,-0.28,0
NL_STATIC_DENSE_V003_W0030,NL_STATIC_DENSE_V003,30,10,80.3,82.96,0.94,0.99,2.85,0.8836,84.353333,0.8,0.996667,2.91,-4.053333,0
NL_STATIC_DENSE_V003_W0031,NL_STATIC_DENSE_V003,31,10,82.98,85.68,1.42,0.991,2.87,2.0164,82.463333,0.743333,0.994,2.86,0.516667,0
NL_STATIC_DENSE_V003_W0032,NL_STATIC_DENSE_V003,32,10,84.25,87.14,0.61,1.0,2.91,0.3721,81.653333,1.02,0.991333,2.843333,2.596667,0
NL_STATIC_DENSE_V003_W0033,NL_STATIC_DENSE_V003,33,10,62.19,63.99,0.94,0.992,2.32,0.8836,82.51,0.99,0.993667,2.876667,-20.32,0
NL_STATIC_DENSE_V003_W0034,NL_STATIC_DENSE_V003,34,10,66.78,69.06,1.97,0.996,2.45,3.8809,76.473333,0.99,0.994333,2.7,-9.693333,0
NL_STATIC_DENSE_V003_W0035,NL_STATIC_DENSE_V003,35,10,78.74,79.89,1.52,0.992,2.81,2.3104,71.073333,1.173333,0.996,2.56,7.666667,0
NL_STATIC_DENSE_V003_W0036,NL_STATIC_DENSE_V003,36,10,68.14,70.14,0.93,0.991,2.54,0.8649,69.236667,1.476667,0.993333,2.526667,-1.096667,0
NL_STATIC_DENSE_V003_W0037,NL_STATIC_DENSE_V003,37,10,68.29,70.7,0.59,0.998,2.42,0.3481,71.22,1.473333,0.993,2.6,-2.93,0
NL_STATIC_DENSE_V003_W0038,NL_STATIC_DENSE_V003,38,10,85.28,86.91,1.68,0.999,2.92,2.8224,71.723333,1.013333,0.993667,2.59,13.556667,0
NL_STATIC_DENSE_V003_W0039,NL_STATIC_DENSE_V003,39,10,71.63,73.89,1.56,0.99,2.53,2.4336,73.903333,1.066667,0.996,2.626667,-2.273333,0
NL_STATIC_DENSE_V003_W0040,NL_STATIC_DENSE_V003,40,10,68.94,70.15,1.67,0.996,2.44,2.7889,75.066667,1.276667,0.995667,2.623333,-6.126667,0
NL_STATIC_DENSE_V003_W0041,NL_STATIC_DENSE_V003,41,10,71.06,72.8,0.58,0.998,2.57,0.3364,75.283333,1.636667,0.995,2.63,-4.223333,0
NL_STATIC_DENSE_V003_W0042,NL_STATIC_DENSE_V003,42,10,66.47,68.83,1.41,0.993,2.4,1.9881,70.543333,1.27,0.994667,2.513333,-4.073333,0
NL_STATIC_DENSE_V003_W0043,NL_STATIC_DENSE_V003,43,10,65.98,68.76,0.93,0.994,2.37,0.8649,68.823333,1.22,0.995667,2.47,-2.843333,0
NL_STATIC_DENSE_V003_W0044,NL_STATIC_DENSE_V003,44,10,70.12,71.16,0.69,0.994,2.56,0.4761,67.836667,0.973333,0.995,2.446667,2.283333,0
NL_STATIC_DENSE_V003_W0045,NL_STATIC_DENSE_V003,45,10,75.57,77.93,0.97,0.998,2.75,0.9409,67.523333,1.01,0.993667,2.443333,8.046667,0
NL_STATIC_DENSE_V003_W0046,NL_STATIC_DENSE_V003,46,10,63.61,65.14,0.53,0.993,2.46,0.2809,70.556667,0.863333,0.995333,2.56,-6.946667,0
NL_STATIC_DENSE_V003_W0047,NL_STATIC_DENSE_V003,47,10,89.23,91.92,0.54,0.999,3.08,0.2916,69.766667,0.73,0.995,2.59,19.463333,0
NL_STATIC_DENSE_V003_W0048,NL_STATIC_DENSE_V003,48,10,67.4,69.37,1.62,0.995,2.41,2.6244,76.136667,0.68,0.996667,2.763333,-8.736667,0
NL_STATIC_DENSE_V003_W0049,NL_STATIC_DENSE_V003,49,10,62.27,64.0,0.84,0.992,2.3,0.7056,73.413333,0.896667,0.995667,2.65,-11.143333,0
NL_STATIC_DENSE_V003_W0050,NL_STATIC_DENSE_V003,50,10,71.64,73.99,0.89,0.993,2.68,0.7921,72.966667,1.0,0.995333,2.596667,-1.326667,0
NL_STATIC_DENSE_V003_W0051,NL_STATIC_DENSE_V003,51,10,60.24,62.5,1.17,0.991,2.41,1.3689,67.103333,1.116667,0.993333,2.463333,-6.863333,0
NL_STATIC_DENSE_V003_W0052,NL_STATIC_DENSE_V003,52,10,84.21,86.13,1.32,0.994,2.81,1.7424,64.716667,0.966667,0.992,2.463333,19.493333,0
NL_STATIC_DENSE_V003_W0053,NL_STATIC_DENSE_V003,53,10,83.79,86.5,0.86,1.0,2.83,0.7396,72.03,1.126667,0.992667,2.633333,11.76,0
NL_STATIC_DENSE_V003_W0054,NL_STATIC_DENSE_V003,54,10,73.11,75.3,0.61,0.996,2.73,0.3721,76.08,1.116667,0.995,2.683333,-2.97,0
NL_STATIC_DENSE_V003_W0055,NL_STATIC_DENSE_V003,55,10,89.32,91.83,0.74,0.995,3.07,0.5476,80.37,0.93,0.996667,2.79,8.95,0
NL_STATIC_DENSE_V003_W0056,NL_STATIC_DENSE_V003,56,10,74.97,75.99,0.51,0.994,2.76,0.2601,82.073333,0.736667,0.997,2.876667,-7.103333,0
NL_STATIC_DENSE_V003_W0057,NL_STATIC_DENSE_V003,57,10,62.86,64.72,0.54,0.995,2.42,0.2916,79.133333,0.62,0.995,2.853333,-16.273333,0
NL_STATIC_DENSE_V003_W0058,NL_STATIC_DENSE_V003,58,10,82.83,84.57,1.09,0.998,2.95,1.1881,75.716667,0.596667,0.994667,2.75,7.113333,0
NL_STATIC_DENSE_V003_W0059,NL_STATIC_DENSE_V003,59,10,70.76,73.07,0.86,0.992,2.66,0.7396,73.553333,0.713333,0.995667,2.71,-2.793333,0
NL_STATIC_DENSE_V003_W0060,NL_STATIC_DENSE_V003,60,10,86.0,87.57,1.93,0.996,2.93,3.7249,72.15,0.83,0.995,2.676667,13.85,0
NL_STATIC_DENSE_V003_W0061,NL_STATIC_DENSE_V003,61,10,88.39,91.18,1.13,0.998,3.0,1.2769,79.863333,1.293333,0.995333,2.846667,8.526667,0
NL_STATIC_DENSE_V003_W0062,NL_STATIC_DENSE_V003,62,10,66.21,67.35,0.6,0.999,2.47,0.36,81.716667,1.306667,0.995333,2.863333,-15.506667,0
NL_STATIC_DENSE_V003_W0063,NL_STATIC_DENSE_V003,63,10,79.64,80.94,1.81,0.995,2.75,3.2761,80.2,1.22,0.997667,2.8,-0.56,0
NL_STATIC_DENSE_V003_W0064,NL_STATIC_DENSE_V003,64,10,75.68,76.78,1.96,0.992,2.66,3.8416,78.08,1.18,0.997333,2.74,-2.4,0
NL_STATIC_DENSE_V003_W0065,NL_STATIC_DENSE_V003,65,10,79.89,82.38,1.77,0.994,2.76,3.1329,73.843333,1.456667,0.995333,2.626667,6.046667,0
NL_STATIC_DENSE_V003_W0066,NL_STATIC_DENSE_V003,66,10,84.2,87.17,1.63,0.994,2.92,2.6569,78.403333,1.846667,0.993667,2.723333,5.796667,0
NL_STATIC_DENSE_V003_W0067,NL_STATIC_DENSE_V003,67,10,77.51,80.42,0.56,0.993,2.76,0.3136,79.923333,1.786667,0.993333,2.78,-2.413333,0
NL_STATIC_DENSE_V003_W0068,NL_STATIC_DENSE_V003,68,10,71.08,73.94,1.74,0.997,2.63,3.0276,80.533333,1.32,0.993667,2.813333,-9.453333,0
NL_STATIC_DENSE_V003_W0069,NL_STATIC_DENSE_V003,69,10,84.21,85.6,1.02,0.993,3.0,1.0404,77.596667,1.31,0.994667,2.77,6.613333,0
NL_STATIC_DENSE_V003_W0070,NL_STATIC_DENSE_V003,70,10,71.42,72.74,1.68,0.997,2.57,2.8224,77.6,1.106667,0.994333,2.796667,-6.18,0
NL_STATIC_DENSE_V003_W0071,NL_STATIC_DENSE_V003,71,10,67.05,69.46,1.73,0.995,2.58,2.9929,75.57,1.48,0.995667,2.733333,-8.52,0
NL_STATIC_DENSE_V003_W0072,NL_STATIC_DENSE_V003,72,10,76.58,78.37,0.7,0.999,2.65,0.49,74.226667,1.476667,0.995,2.716667,2.353333,0
NL_STATIC_DENSE_V003_W0073,NL_STATIC_DENSE_V003,73,10,78.75,80.89,1.75,0.999,2.67,3.0625,71.683333,1.37,0.997,2.6,7.066667,0
NL_STATIC_DENSE_V003_W0074,NL_STATIC_DENSE_V003,74,10,78.64,80.31,1.6,0.994,2.68,2.56,74.126667,1.393333,0.997667,2.633333,4.513333,0
NL_STATIC_DENSE_V003_W0075,NL_STATIC_DENSE_V003,75,10,71.22,74.11,1.46,0.997,2.61,2.1316,77.99,1.35,0.997333,2.666667,-6.77,0
NL_STATIC_DENSE_V003_W0076,NL_STATIC_DENSE_V003,76,10,72.96,75.92,0.6,0.995,2.56,0.36,76.203333,1.603333,0.996667,2.653333,-3.243333,0
NL_STATIC_DENSE_V003_W0077,NL_STATIC_DENSE_V003,77,10,70.4,72.19,0.9,0.992,2.56,0.81,74.273333,1.22,0.995333,2.616667,-3.873333,0
NL_STATIC_DENSE_V003_W0078,NL_STATIC_DENSE_V003,78,10,62.27,65.17,0.95,0.991,2.39,0.9025,71.526667,0.986667,0.994667,2.576667,-9.256667,0
NL_STATIC_DENSE_V003_W0079,NL_STATIC_DENSE_V003,79,10,80.28,82.69,1.42,0.993,2.76,2.0164,68.543333,0.816667,0.992667,2.503333,11.736667,0
NL_STATIC_DENSE_V003_W0080,NL_STATIC_DENSE_V003,80,10,82.1,84.86,0.8,0.996,2.89,0.64,70.983333,1.09,0.992,2.57,11.116667,0
NL_STATIC_DENSE_V003_W0081,NL_STATIC_DENSE_V003,81,10,88.73,90.53,1.76,0.992,3.05,3.0976,74.883333,1.056667,0.993333,2.68,13.846667,0
NL_STATIC_DENSE_V003_W0082,NL_STATIC_DENSE_V003,82,10,87.44,89.3,0.89,0.994,3.03,0.7921,83.703333,1.326667,0.993667,2.9,3.736667,0
NL_STATIC_DENSE_V003_W0083,NL_STATIC_DENSE_V003,83,10,62.74,64.14,1.82,0.997,2.28,3.3124,86.09,1.15,0.994,2.99,-23.35,0
NL_STATIC_DENSE_V003_W0084,NL_STATIC_DENSE_V003,84,10,81.98,84.2,1.51,0.991,2.94,2.2801,79.636667,1.49,0.994333,2.786667,2.343333,0
NL_STATIC_DENSE_V003_W0085,NL_STATIC_DENSE_V003,85,10,78.5,80.99,1.61,0.995,2.68,2.5921,77.386667,1.406667,0.994,2.75,1.113333,0
NL_STATIC_DENSE_V003_W0086,NL_STATIC_DENSE_V003,86,10,86.86,89.19,1.68,0.995,2.99,2.8224,74.406667,1.646667,0.994333,2.633333,12.453333,0
NL_STATIC_DENSE_V003_W0087,NL_STATIC_DENSE_V003,87,10,61.92,64.57,0.94,0.994,2.27,0.8836,82.446667,1.6,0.993667,2.87,-20.526667,0
NL_STATIC_DENSE_V003_W0088,NL_STATIC_DENSE_V003,88,10,82.93,84.75,1.48,0.993,2.8,2.1904,75.76,1.41,0.994667,2.646667,7.17,0
NL_STATIC_DENSE_V003_W0089,NL_STATIC_DENSE_V003,89,10,80.55,81.77,0.93,0.993,2.76,0.8649,77.236667,1.366667,0.994,2.686667,3.313333,0
NL_STATIC_DENSE_V003_W0090,NL_STATIC_DENSE_V003,90,10,69.23,72.06,1.93,0.993,2.51,3.7249,75.133333,1.116667,0.993333,2.61,-5.903333,0
NL_STATIC_DENSE_V003_W0091,NL_STATIC_DENSE_V003,91,10,75.09,76.48,1.79,0.997,2.75,3.2041,77.57,1.446667,0.993,2.69,-2.48,0
NL_STATIC_DENSE_V003_W0092,NL_STATIC_DENSE_V003,92,10,65.38,67.77,0.84,0.991,2.38,0.7056,74.956667,1.55,0.994333,2.673333,-9.576667,0
NL_STATIC_DENSE_V003_W0093,NL_STATIC_DENSE_V003,93,10,60.57,61.91,1.84,0.992,2.3,3.3856,69.9,1.52,0.993667,2.546667,-9.33,0
NL_STATIC_DENSE_V003_W0094,NL_STATIC_DENSE_V003,94,10,71.73,73.2,0.83,1.0,2.62,0.6889,67.013333,1.49,0.993333,2.476667,4.716667,0
NL_STATIC_DENSE_V003_W0095,NL_STATIC_DENSE_V003,95,10,65.15,67.15,1.12,0.999,2.47,1.2544,65.893333,1.17,0.994333,2.433333,-0.743333,0
NL_STATIC_DENSE_V003_W0096,NL_STATIC_DENSE_V003,96,10,80.76,82.17,1.09,0.999,2.76,1.1881,65.816667,1.263333,0.997,2.463333,14.943333,0
NL_STATIC_DENSE_V003_W0097,NL_STATIC_DENSE_V003,97,10,76.82,79.08,1.53,0.993,2.62,2.3409,72.546667,1.013333,0.999333,2.616667,4.273333,0
NL_STATIC_DENSE_V003_W0098,NL_STATIC_DENSE_V003,98,10,70.01,72.59,1.18,0.992,2.63,1.3924,74.243333,1.246667,0.997,2.616667,-4.233333,0
NL_STATIC_DENSE_V003_W0099,NL_STATIC_DENSE_V003,99,10,66.1,67.24,1.82,0.994,2.47,3.3124,75.863333,1.266667,0.994667,2.67,-9.763333,0
